{
    "-1": "操作速度太快，请慢点操作",
    "-2": "数据库错误",
    "-3": "您的账号被封锁，请联系游戏管理员！",
    "-4": "非法访问！",
    "-5": "超时！",
    "-6": "网络异常",
    "-101": "参数错误",
    "-102": "资源不足",
    "-103": "数据不存在",
    "-104": "钻石数量不够",
    "-105": "燃料不够",
    "-106": "弹药不够",
    "-107": "铝材不够",
    "-108": "钢材不够",
    "-109": "等级不够",
    "-110": "用户名已被注册",
    "-111": "密码不一致",
    "-112": "没有注册",
    "-113": "用户名密码不正确",
    "-114": "没有登录",
    "-115": "不是游客",
    "-116": "游客未登记",
    "-117": "游客已绑定",
    "-118": "邮箱不对",
    "-119": "角色名已存在",
    "-120": "角色名不合法",
    "-121": "注册码不存在",
    "-122": "注册码已用",
    "-123": "用户名请用字母数字",
    "-124": "cookie出错1",
    "-125": "cookie出错2",
    "-126": "手机号码不正确",
    "-127": "验证出错",
    "-128": "登录错误次数超过限制",
    "-129": "您取名包含非法字符，请重新取名",
    "-130": "登录失效，不能绑定",
    "-131": "不能绑定",
    "-132": "未审核通过，请联系客服",
    "-133": "该账号已绑定，请勿重复",
    "-134": "验证码已发送",
    "-135": "验证码出错",
    "-136": "请输入用户名",
    "-137": "请输入密码",
    "-138": "用户名长度6-24位",
    "-139": "密码长度6-24位",
    "-140": "与旧密码相同",
    "-141": "原始密码不正确",
    "-142": "密码修改成功",
    "-143": "需要修改密码",
    "-144": "找回密码的邮件已发送，请通过邮件找回密码",
    "-145": "已绑定邮箱",
    "-146": "暂未开放",
    "-147": "邮箱未验证",
    "-148": "邮箱需要验证，请去邮箱根据邮件进行后续操作",
    "-149": "角色名已经存在",
    "-150": "一周只能改一次名",
    "-151": "您输入的用户名太长",
    "-152": "密码只能使用数字字母和下划线",
    "-153": "真实姓名不正确",
    "-154": "身份证号不正确",
    "-155": "继承码不存在",
    "-156": "绑定邮箱不一致",
    "-157": "角色已存在，不能继承",
    "-158": "继承码已经使用",
    "-159": "继承码不能使用在该分区",
    "-201": "修理船坞正在工作",
    "-202": "船坞数量不足",
    "-203": "目前不需要加速",
    "-204": "加速道具不足",
    "-205": "时间没到",
    "-206": "舰船被锁定，不能拆除",
    "-207": "船坞数量已满",
    "-208": "舰船不需要维修",
    "-209": "舰船正在维修",
    "-210": "建造蓝图不足",
    "-211": "舰船在舰队中不能拆除",
    "-212": "舰船目前不能改造",
    "-213": "道具不足",
    "-214": "舰船等级不足",
    "-215": "船坞已满",
    "-216": "好感度不足",
    "-217": "已签订誓约",
    "-218": "装备蓝图不足",
    "-219": "装备数量已满",
    "-220": "未签订誓约,不能使用",
    "-221": "未拥有,不能使用",
    "-222": "不能使用该皮肤",
    "-223": "",
    "-224": "船只修理中",
    "-225": "船只学习中",
    "-226": "已经搓过一次澡",
    "-227": "请先出浴",
    "-228": "无法更换",
    "-229": "补给已满，无需进行补给",
    "-230": "舰队中没有舰船",
    "-301": "舰船等级不足",
    "-302": "舰船不能升阶",
    "-303": "装备不存在",
    "-304": "装备已被移除",
    "-305": "非空闲状态，不可作用于强化",
    "-306": "装备已使用",
    "-307": "装备正在使用,不能拆除",
    "-308": "舰船在其他舰队中",
    "-309": "舰队中不能有相同的舰船",
    "-310": "舰船和装备不匹配",
    "-311": "舰船和装备不匹配",
    "-312": "装备栏位已满",
    "-313": "相同位置不需要更换",
    "-314": "第一舰队不能为空",
    "-315": "该舰船没有技能",
    "-316": "属性没有强化到达满值",
    "-317": "技能等级已满",
    "-318": "已经有编队,不能再次编队",
    "-319": "舰队不存在",
    "-320": "舰船已锁定",
    "-321": "舰船已解锁",
    "-322": "不适用的技能",
    "-323": "不能转换相同的技能",
    "-324": "原技能等级为0，不能转换",
    "-325": "技能无法觉醒",
    "-326": "技能无法升级",
    "-327": "舰队中包含撤退状态的舰船，无法出征",
    "-328": "今日支援已满",
    "-401": "前置章节未通关",
    "-402": "节点不存在",
    "-403": "没有下一节点",
    "-404": "舰队正在远征",
    "-405": "舰队不存在",
    "-406": "舰队中没有舰船",
    "-407": "旗舰大破，不能出征",
    "-408": "补给为空，不能出征",
    "-409": "节点已结束",
    "-410": "舰队中必须有一艘旗舰",
    "-411": "正在出征中",
    "-412": "远征中",
    "-413": "正在修理，不能出征",
    "-414": "主力舰队作战，潜艇无法参加",
    "-415": "支援补给未满无法出征",
    "-416": "此关卡必须满血出征",
    "-417": "请先为此关卡编队",
    "-418": "胜利才能驻守",
    "-419": "不需要驻守",
    "-420": "驻守中,可于船坞界面撤回",
    "-421": "船型不符合要求，不能出征",
    "-422": "每日只能重置一次",
    "-423": "不是奇袭点",
    "-424": "奇袭编队与主舰队船只冲突",
    "-425": "奇袭编队有正在远征的船只",
    "-426": "奇袭编队有驻守中的船只",
    "-427": "有舰船正在修理中",
    "-428": "奇袭编队有大破的船只，不能出征",
    "-429": "炮潜&潜艇无法参与本地图",
    "-430": "成就点不足",
    "-431": "导战无法参与本地图",
    "-501": "邮件不存在",
    "-502": "邮件附件已领取",
    "-601": "舰队不在远征",
    "-602": "远征时间未到",
    "-603": "舰队不存在",
    "-604": "舰队正在远征",
    "-605": "有舰队正在远征此关卡",
    "-606": "旗舰等级不够",
    "-607": "舰队船只数量不足",
    "-608": "船只类型不符合条件",
    "-609": "章节未开启,当前关卡不能远征",
    "-610": "补给不足，不能远征",
    "-701": "任务未完成",
    "-702": "奖励已领取",
    "-703": "本次任务只能完成一个，谢谢参与！",
    "-801": "商城购买",
    "-802": "不能购买",
    "-803": "已经拥有,不能购买",
    "-901": "舰队不存在",
    "-902": "舰队没有舰船",
    "-903": "舰队正在远征",
    "-904": "请重新挑战",
    "-905": "不在挑战列表中",
    "-906": "已挑战",
    "-907": "刷新次数不足",
    "-1001": "建造船坞已满",
    "-1002": "装备开发船坞已满",
    "-1003": "维修船坞已满",
    "-1004": "舰船船坞已满",
    "-1005": "装备仓库已满",
    "-1006": "不是钻石购买的类型",
    "-1007": "该商品限购",
    "-1008": "不是人民币购买的类型",
    "-1009": "支付未成功",
    "-1010": "不在购买时间内",
    "-1011": "战利品不足",
    "-1012": "不能重复购买",
    "-1013": "功勋不足",
    "-1101": "此位置不允许放船",
    "-1102": "船的类型不匹配",
    "-1103": "船的cid不匹配",
    "-1104": "不能用同一种战舰",
    "-1105": "不符合规则，不能出击",
    "-1106": "前置pve没过",
    "-1107": "前置战役没过",
    "-1108": "今日挑战次数已满",
    "-1109": "舰队含远征中船只，无法出征",
    "-1110": "舰队含修理中船只，无法出征",
    "-1111": "舰队含已撤退船只，无法出征",
    "-1112": "支援系统未解锁",
    "-1113": "不能升级",
    "-1201": "无此兑换码",
    "-1202": "尚未开启兑换",
    "-1203": "该兑换码已过期",
    "-1204": "已用完",
    "-1205": "您已兑换过该类礼包",
    "-1206": "奖励已经领取",
    "-1207": "没有领取资格",
    "-1208": "等级不够,无法领取",
    "-1209": "等级太高,无法领取",
    "-1301": "您的好友已满,不能再添加",
    "-1302": "好友申请已满,不能再申请",
    "-1303": "申请已过期",
    "-1304": "对方的好友已满,不能再添",
    "-1305": "挑战次数已满，请休息一会",
    "-1306": "调整队伍次数已满",
    "-1307": "已经是好友",
    "-1308": "您输入的玩家并不存在",
    "-1309": "签名不得超过30个字节",
    "-1310": "没有此勋章",
    "-1311": "勋章没有完成",
    "-1312": "勋章已经完成",
    "-1313": "请不要向自己发送好友申请",
    "-1314": "该玩家只允许通过UID添加好友",
    "-1401": "一波战役不能选择其他好友",
    "-1402": "不是好友",
    "-1403": "好友已协助战斗，次日才可邀请",
    "-1404": "不能使用好友舰队",
    "-1405": "不能重复使用船只",
    "-1406": "同舰船类型已达到出战数量上限",
    "-1407": "补给次数不足",
    "-1408": "驻守中的舰船不能补给及修理",
    "-1409": "舰队中有一耐久度为0的船，不能出战",
    "-1410": "敌人已经被消灭",
    "-1411": "副本时间未开启",
    "-1412": "战斗中不能编队",
    "-1413": "战斗中不能补给",
    "-1414": "有舰船正在驻守中，无法出征",
    "-1415": "有舰船正在驻守中，无法出征",
    "-1416": "有舰船正驻守中，无法远征",
    "-1417": "有舰船驻守中，不能进行战役",
    "-1418": "有舰船驻守中",
    "-1419": "旗舰大破不能出击",
    "-1420": "在其他舰队中",
    "-1501": "已编队",
    "-1502": "已侦察",
    "-1503": "下次侦察时间未到",
    "-1504": "已经在待命中",
    "-1505": "请先侦察",
    "-1506": "事件已经结束",
    "-1507": "非战斗点",
    "-1508": "不是宝箱",
    "-1509": "夜幕降临，侦察机无法在0点至8点出击侦察",
    "-1601": "房间不存在",
    "-1602": "家具在房间中，不能回收",
    "-1603": "家具已锁定，不能回收",
    "-1604": "家具没有收集完成",
    "-1605": "已领取",
    "-1606": "家具数量不足",
    "-1607": "家具仓库已满",
    "-1608": "今日好感度收取已达上限（5次）",
    "-1609": "方案名10个字",
    "-1610": "家具方案不存在",
    "-1611": "自己上传的方案不能取消",
    "-1612": "已经收藏过了",
    "-1613": "每周上传3次",
    "-1614": "只能收藏 100个",
    "-1615": "宿舍已达上限",
    "-1616": "家具点不足",
    "-1701": "请先设置一个厨师",
    "-1702": "还未学会这道菜谱",
    "-1703": "厨师与菜谱国籍不相同",
    "-1704": "好友没有设置厨师",
    "-1705": "厨师没有学会这道菜",
    "-1706": "菜单已满",
    "-1801": "教官没有拥有",
    "-1802": "训练栏已达上限",
    "-1803": "训练栏已满",
    "-1804": "没有设置教官",
    "-1805": "不是当前教官的战术",
    "-1806": "船型限制,不能学习该战术",
    "-1807": "舰船等级不足",
    "-1808": "未完成学习的战术，不能使用",
    "-1809": "有战术在学习中，不能替换",
    "-1810": "教室未开放",
    "-1811": "教官数量不足2个,无法扩充",
    "-1812": "教官数量不足3个,无法扩充",
    "-1901": "赠予时间已经结束",
    "-1902": "蓝飘带数量不足",
    "-2001": "不需要选择战况",
    "-2002": "前置关卡未过",
    "-2003": "奖励已经领取",
    "-2004": "分数不够",
    "-2005": "奖励不存在",
    "-2006": "当前战况限制，不可用当前舰队，请重新编队",
    "-2007": "旗舰大破不能出击",
    "-2008": "出征过的船只不能再被使用",
    "-2101": "情报点数不足",
    "-2102": "情报重置时间未到",
    "-2103": "当前情报限制，不可用当前舰队，请重新编队",
    "-2104": "情报还未解锁",
    "-2201": "积分不够",
    "-2202": "点数不足",
    "-2203": "不能重复购买",
    "-2204": "已压制关卡，不能出征",
    "-2205": "未解锁,不能购买",
    "-2301": "没通过本关卡",
    "-2302": "奖励已领取",
    "-2303": "费用不够",
    "-2304": "有使用过的船",
    "-2305": "不在该关卡开放时间内",
    "-2306": "普通票不足",
    "-2307": "高级票不足",
    "-2308": "已打过",
    "-2309": "当前战况限制，不可用当前舰队，请重新编队",
    "-2401": "每日评分5次",
    "-2402": "评论限45字",
    "-2403": "每日评论1次",
    "-2501": "兑换次数不足",
    "-2502": "船型数量超过限制",
    "-2503": "策略点不足",
    "-2504": "已选",
    "-2505": "只能重置一次",
    "-2506": "编队中没有舰船",
    "-2507": "本章未开启",
    "-2508": "磁盘不够",
    "-2509": "已经选船了",
    "-2510": "不能造船",
    "-2511": "请先编队",
    "-2512": "未通关",
    "-2513": "有沉船不能出击",
    "-2514": "旗舰大破不能出击",
    "-2515": "旗舰大破不能出击",
    "-2516": "副官已满级",
    "-2517": "副官未获得",
    "-2518": "副官技能已使用",
    "-2519": "关卡未开放",
    "-2520": "未选船",
    "-2521": "关卡不能挑战",
    "-2522": "奖励已领取",
    "-2523": "战备券不足",
    "-2524": "舰船出征中",
    "-2525": "当前有正在出征的关卡，请通关后在来挑战",
    "-9993": "活动已经结束，请点击[确认]后回到港口界面",
    "-9994": "您已经登出",
    "-9995": "登陆失效",
    "-9996": "非法请求",
    "-9997": "您的账号已经在别的设备上登录",
    "-9998": "账号被冻结，请联系客服",
    "-9999": "服务器正在维护"
}