{
    "specialLoginAward": [
        {
            "id": "1",
            "award": {
                "2": 1000,
                "4": 1000,
                "3": 1000,
                "541": 10
            },
            "login_treasurebox_group_id": "0",
            "icon": [],
            "tips": "第一天"
        },
        {
            "id": "2",
            "award": {
                "10009711": 1,
                "2": 1500,
                "3": 1500,
                "4": 1500
            },
            "login_treasurebox_group_id": "0",
            "icon": [],
            "tips": "第二天"
        },
        {
            "id": "3",
            "award": {
                "241": 10,
                "141": 10,
                "4": 1500,
                "2": 1500
            },
            "login_treasurebox_group_id": "0",
            "icon": [],
            "tips": "第三天"
        },
        {
            "id": "4",
            "award": {
                "10441": 10,
                "10341": 10,
                "3": 1500,
                "9": 1000
            },
            "login_treasurebox_group_id": "0",
            "icon": [],
            "tips": "第四天"
        },
        {
            "id": "5",
            "award": {
                "10781": 1,
                "10441": 10,
                "10241": 10,
                "9": 1000
            },
            "login_treasurebox_group_id": "0",
            "icon": [],
            "tips": "第五天"
        },
        {
            "id": "6",
            "award": {
                "141": 10,
                "541": 10,
                "241": 10,
                "741": 10
            },
            "login_treasurebox_group_id": "0",
            "icon": [],
            "tips": "第六天"
        },
        {
            "id": "7",
            "award": {
                "10441": 15,
                "10141": 15,
                "10541": 10,
                "3": 2000
            },
            "login_treasurebox_group_id": "0",
            "icon": [],
            "tips": "第七天"
        },
        {
            "id": "8",
            "award": {
                "14": 40,
                "66641": 1,
                "2": 2000,
                "4": 2000
            },
            "login_treasurebox_group_id": "0",
            "icon": [],
            "tips": "第八天"
        },
        {
            "id": "9",
            "award": {
                "10242": 5,
                "10942": 5,
                "11142": 5,
                "10542": 5
            },
            "login_treasurebox_group_id": "0",
            "icon": [],
            "tips": "第九天"
        },
        {
            "id": "10",
            "award": {
                "88841": 1,
                "9": 1000
            },
            "login_treasurebox_group_id": "0",
            "icon": [],
            "tips": "第十天"
        }
    ],
    "reachLevelAward": [
        {
            "level": 10,
            "award": [
                {
                    "cid": 2,
                    "amount": 500,
                    "icon": ""
                },
                {
                    "cid": 3,
                    "amount": 500,
                    "icon": ""
                },
                {
                    "cid": 4,
                    "amount": 500,
                    "icon": ""
                },
                {
                    "cid": 9,
                    "amount": 500,
                    "icon": ""
                },
                {
                    "cid": 241,
                    "amount": 3,
                    "icon": ""
                },
                {
                    "cid": 741,
                    "amount": 3,
                    "icon": ""
                }
            ]
        },
        {
            "level": 20,
            "award": [
                {
                    "cid": 141,
                    "amount": 5,
                    "icon": ""
                },
                {
                    "cid": 541,
                    "amount": 5,
                    "icon": ""
                },
                {
                    "cid": 10005912,
                    "amount": 1,
                    "icon": "10005912"
                }
            ]
        },
        {
            "level": 30,
            "award": [
                {
                    "cid": 2,
                    "amount": 2000,
                    "icon": ""
                },
                {
                    "cid": 3,
                    "amount": 2000,
                    "icon": ""
                },
                {
                    "cid": 4,
                    "amount": 2000,
                    "icon": ""
                },
                {
                    "cid": 9,
                    "amount": 2000,
                    "icon": ""
                },
                {
                    "cid": 241,
                    "amount": 7,
                    "icon": ""
                },
                {
                    "cid": 741,
                    "amount": 7,
                    "icon": ""
                }
            ]
        },
        {
            "level": 40,
            "award": [
                {
                    "cid": 2,
                    "amount": 4000,
                    "icon": ""
                },
                {
                    "cid": 3,
                    "amount": 4000,
                    "icon": ""
                },
                {
                    "cid": 4,
                    "amount": 4000,
                    "icon": ""
                },
                {
                    "cid": 9,
                    "amount": 4000,
                    "icon": ""
                },
                {
                    "cid": 10003013,
                    "amount": 1,
                    "icon": "10003013"
                }
            ]
        },
        {
            "level": 50,
            "award": [
                {
                    "cid": 141,
                    "amount": 10,
                    "icon": ""
                },
                {
                    "cid": 541,
                    "amount": 10,
                    "icon": ""
                },
                {
                    "cid": 10001013,
                    "amount": 1,
                    "icon": "10001013"
                }
            ]
        }
    ],
    "firstPayAward": {
        "award": [
            {
                "cid": 2,
                "amount": 1000,
                "icon": ""
            },
            {
                "cid": 3,
                "amount": 1000,
                "icon": ""
            },
            {
                "cid": 4,
                "amount": 1000,
                "icon": ""
            },
            {
                "cid": 9,
                "amount": 500,
                "icon": ""
            },
            {
                "cid": 241,
                "amount": 3,
                "icon": ""
            },
            {
                "cid": 741,
                "amount": 3,
                "icon": ""
            },
            {
                "cid": 10045413,
                "amount": 1,
                "icon": "10045413"
            }
        ]
    },
    "continueLoginAward": [
        {
            "award": [
                {
                    "cid": 2,
                    "amount": 300,
                    "icon": ""
                }
            ],
            "days": 1
        },
        {
            "award": [
                {
                    "cid": 4,
                    "amount": 400,
                    "icon": ""
                }
            ],
            "days": 2
        },
        {
            "award": [
                {
                    "cid": 541,
                    "amount": 2,
                    "icon": ""
                }
            ],
            "days": 3
        },
        {
            "award": [
                {
                    "cid": 3,
                    "amount": 500,
                    "icon": ""
                }
            ],
            "days": 4
        },
        {
            "award": [
                {
                    "cid": 9,
                    "amount": 300,
                    "icon": ""
                }
            ],
            "days": 5
        },
        {
            "award": [
                {
                    "cid": 141,
                    "amount": 2,
                    "icon": ""
                }
            ],
            "days": 6
        },
        {
            "award": [
                {
                    "cid": 10242,
                    "amount": 1,
                    "icon": ""
                },
                {
                    "cid": -1,
                    "amount": 0,
                    "icon": "random"
                }
            ],
            "days": 7
        },
        {
            "award": [
                {
                    "cid": 3,
                    "amount": 300,
                    "icon": ""
                }
            ],
            "days": 1
        },
        {
            "award": [
                {
                    "cid": 2,
                    "amount": 400,
                    "icon": ""
                }
            ],
            "days": 2
        },
        {
            "award": [
                {
                    "cid": 741,
                    "amount": 2,
                    "icon": ""
                }
            ],
            "days": 3
        },
        {
            "award": [
                {
                    "cid": 4,
                    "amount": 500,
                    "icon": ""
                }
            ],
            "days": 4
        },
        {
            "award": [
                {
                    "cid": 9,
                    "amount": 300,
                    "icon": ""
                }
            ],
            "days": 5
        },
        {
            "award": [
                {
                    "cid": 241,
                    "amount": 1,
                    "icon": ""
                }
            ],
            "days": 6
        },
        {
            "award": [
                {
                    "cid": 10242,
                    "amount": 1,
                    "icon": ""
                },
                {
                    "cid": -1,
                    "amount": 0,
                    "icon": "random"
                }
            ],
            "days": 7
        },
        {
            "award": [
                {
                    "cid": 9,
                    "amount": 300,
                    "icon": ""
                }
            ],
            "days": 1
        },
        {
            "award": [
                {
                    "cid": 4,
                    "amount": 400,
                    "icon": ""
                }
            ],
            "days": 2
        },
        {
            "award": [
                {
                    "cid": 141,
                    "amount": 2,
                    "icon": ""
                }
            ],
            "days": 3
        },
        {
            "award": [
                {
                    "cid": 2,
                    "amount": 500,
                    "icon": ""
                }
            ],
            "days": 4
        },
        {
            "award": [
                {
                    "cid": 3,
                    "amount": 300,
                    "icon": ""
                }
            ],
            "days": 5
        },
        {
            "award": [
                {
                    "cid": 541,
                    "amount": 2,
                    "icon": ""
                }
            ],
            "days": 6
        },
        {
            "award": [
                {
                    "cid": 10242,
                    "amount": 1,
                    "icon": ""
                },
                {
                    "cid": -1,
                    "amount": 0,
                    "icon": "random"
                }
            ],
            "days": 7
        },
        {
            "award": [
                {
                    "cid": 2,
                    "amount": 300,
                    "icon": ""
                }
            ],
            "days": 1
        },
        {
            "award": [
                {
                    "cid": 3,
                    "amount": 400,
                    "icon": ""
                }
            ],
            "days": 2
        },
        {
            "award": [
                {
                    "cid": 241,
                    "amount": 1,
                    "icon": ""
                }
            ],
            "days": 3
        },
        {
            "award": [
                {
                    "cid": 9,
                    "amount": 500,
                    "icon": ""
                }
            ],
            "days": 4
        },
        {
            "award": [
                {
                    "cid": 4,
                    "amount": 300,
                    "icon": ""
                }
            ],
            "days": 5
        },
        {
            "award": [
                {
                    "cid": 741,
                    "amount": 2,
                    "icon": ""
                }
            ],
            "days": 6
        },
        {
            "award": [
                {
                    "cid": 10242,
                    "amount": 1,
                    "icon": ""
                },
                {
                    "cid": -1,
                    "amount": 0,
                    "icon": "random"
                }
            ],
            "days": 7
        }
    ]
}