[
    {
        "id": 10001,
        "title": "舰炮演练",
        "award": {
            "3": 30,
            "6": 10
        },
        "desc": "0",
        "pveId": 1,
        "needFlagShipLevel": 1,
        "pruductGoods": [],
        "needShipNum": 2,
        "needShipType": [],
        "randAward": [],
        "needTime": 900,
        "needOil": "0",
        "needAmmo": "0",
        "bigSuccessRate": 10
    },
    {
        "id": 10002,
        "title": "作战演练",
        "award": {
            "3": 30,
            "4": 30,
            "6": 20
        },
        "desc": "0",
        "pveId": 1,
        "needFlagShipLevel": 2,
        "pruductGoods": [
            541
        ],
        "needShipNum": 3,
        "needShipType": [
            {
                "type": 12,
                "num": 1
            }
        ],
        "randAward": [
            {
                "cid": 541,
                "rate": [
                    {
                        "num": 0,
                        "rate": 70
                    },
                    {
                        "num": 1,
                        "rate": 30
                    }
                ]
            },
            {
                "cid": 541,
                "rate": [
                    {
                        "num": 0,
                        "rate": 70
                    },
                    {
                        "num": 1,
                        "rate": 30
                    }
                ]
            }
        ],
        "needTime": 1800,
        "needOil": "0",
        "needAmmo": "0",
        "bigSuccessRate": 10
    },
    {
        "id": 10003,
        "title": "近海巡逻",
        "award": {
            "2": 30,
            "3": 30,
            "4": 30,
            "6": 30
        },
        "desc": "0",
        "pveId": 1,
        "needFlagShipLevel": 3,
        "pruductGoods": [],
        "needShipNum": 4,
        "needShipType": [
            {
                "type": 12,
                "num": 2
            }
        ],
        "randAward": [],
        "needTime": 1800,
        "needOil": "0",
        "needAmmo": "0",
        "bigSuccessRate": 10
    },
    {
        "id": 10004,
        "title": "反潜演练",
        "award": {
            "3": 100,
            "6": 40
        },
        "desc": "0",
        "pveId": 1,
        "needFlagShipLevel": 5,
        "pruductGoods": [
            141
        ],
        "needShipNum": 4,
        "needShipType": [
            {
                "type": 12,
                "num": 2
            }
        ],
        "randAward": [
            {
                "cid": 141,
                "rate": [
                    {
                        "num": 0,
                        "rate": 60
                    },
                    {
                        "num": 1,
                        "rate": 30
                    },
                    {
                        "num": 2,
                        "rate": 10
                    }
                ]
            },
            {
                "cid": 141,
                "rate": [
                    {
                        "num": 0,
                        "rate": 60
                    },
                    {
                        "num": 1,
                        "rate": 30
                    },
                    {
                        "num": 2,
                        "rate": 10
                    }
                ]
            }
        ],
        "needTime": 3600,
        "needOil": "0",
        "needAmmo": "0",
        "bigSuccessRate": 10
    },
    {
        "id": 20001,
        "title": "护航任务",
        "award": {
            "2": 150,
            "3": 175,
            "4": 20,
            "9": 20,
            "6": 50
        },
        "desc": "0",
        "pveId": 2,
        "needFlagShipLevel": 5,
        "pruductGoods": [
            241
        ],
        "needShipNum": 5,
        "needShipType": [
            {
                "type": 10,
                "num": 1
            },
            {
                "type": 12,
                "num": 2
            }
        ],
        "randAward": [
            {
                "cid": 241,
                "rate": [
                    {
                        "num": 0,
                        "rate": 70
                    },
                    {
                        "num": 1,
                        "rate": 30
                    }
                ]
            },
            {
                "cid": 241,
                "rate": [
                    {
                        "num": 0,
                        "rate": 70
                    },
                    {
                        "num": 1,
                        "rate": 30
                    }
                ]
            }
        ],
        "needTime": 7200,
        "needOil": "0",
        "needAmmo": "0",
        "bigSuccessRate": 10
    },
    {
        "id": 20002,
        "title": "远航训练",
        "award": {
            "9": 75,
            "6": 60
        },
        "desc": "0",
        "pveId": 2,
        "needFlagShipLevel": 10,
        "pruductGoods": [],
        "needShipNum": 4,
        "needShipType": [
            {
                "type": 10,
                "num": 2
            }
        ],
        "randAward": [],
        "needTime": 2700,
        "needOil": "0",
        "needAmmo": "0",
        "bigSuccessRate": 10
    },
    {
        "id": 20003,
        "title": "编队演习",
        "award": {
            "4": 50,
            "9": 30,
            "6": 70
        },
        "desc": "0",
        "pveId": 2,
        "needFlagShipLevel": 10,
        "pruductGoods": [
            741
        ],
        "needShipNum": 6,
        "needShipType": [],
        "randAward": [
            {
                "cid": 741,
                "rate": [
                    {
                        "num": 0,
                        "rate": 50
                    },
                    {
                        "num": 1,
                        "rate": 40
                    },
                    {
                        "num": 2,
                        "rate": 10
                    }
                ]
            },
            {
                "cid": 741,
                "rate": [
                    {
                        "num": 0,
                        "rate": 50
                    },
                    {
                        "num": 1,
                        "rate": 40
                    },
                    {
                        "num": 2,
                        "rate": 10
                    }
                ]
            }
        ],
        "needTime": 3600,
        "needOil": "0",
        "needAmmo": "0",
        "bigSuccessRate": 10
    },
    {
        "id": 20004,
        "title": "大规模编队演习",
        "award": {
            "2": 50,
            "3": 100,
            "4": 50,
            "9": 50,
            "6": 80
        },
        "desc": "0",
        "pveId": 2,
        "needFlagShipLevel": 10,
        "pruductGoods": [
            541
        ],
        "needShipNum": 6,
        "needShipType": [],
        "randAward": [
            {
                "cid": 541,
                "rate": [
                    {
                        "num": 0,
                        "rate": 50
                    },
                    {
                        "num": 1,
                        "rate": 50
                    }
                ]
            },
            {
                "cid": 541,
                "rate": [
                    {
                        "num": 0,
                        "rate": 50
                    },
                    {
                        "num": 1,
                        "rate": 50
                    }
                ]
            }
        ],
        "needTime": 10800,
        "needOil": "0",
        "needAmmo": "0",
        "bigSuccessRate": 10
    },
    {
        "id": 30001,
        "title": "远洋护航",
        "award": {
            "2": 350,
            "6": 90
        },
        "desc": "0",
        "pveId": 3,
        "needFlagShipLevel": 15,
        "pruductGoods": [
            741
        ],
        "needShipNum": 4,
        "needShipType": [
            {
                "type": 12,
                "num": 2
            }
        ],
        "randAward": [
            {
                "cid": 741,
                "rate": [
                    {
                        "num": 0,
                        "rate": 50
                    },
                    {
                        "num": 1,
                        "rate": 50
                    }
                ]
            },
            {
                "cid": 741,
                "rate": [
                    {
                        "num": 0,
                        "rate": 50
                    },
                    {
                        "num": 1,
                        "rate": 50
                    }
                ]
            }
        ],
        "needTime": 14400,
        "needOil": "0",
        "needAmmo": "0",
        "bigSuccessRate": 10
    },
    {
        "id": 30002,
        "title": "舰队前哨侦察",
        "award": {
            "2": 50,
            "4": 50,
            "9": 30,
            "6": 100
        },
        "desc": "0",
        "pveId": 3,
        "needFlagShipLevel": 20,
        "pruductGoods": [
            141
        ],
        "needShipNum": 4,
        "needShipType": [
            {
                "type": 12,
                "num": 1
            }
        ],
        "randAward": [
            {
                "cid": 141,
                "rate": [
                    {
                        "num": 0,
                        "rate": 70
                    },
                    {
                        "num": 1,
                        "rate": 30
                    }
                ]
            },
            {
                "cid": 141,
                "rate": [
                    {
                        "num": 0,
                        "rate": 70
                    },
                    {
                        "num": 1,
                        "rate": 30
                    }
                ]
            }
        ],
        "needTime": 5400,
        "needOil": "0",
        "needAmmo": "0",
        "bigSuccessRate": 10
    },
    {
        "id": 30003,
        "title": "巡洋舰编队演习",
        "award": {
            "9": 250,
            "6": 110
        },
        "desc": "0",
        "pveId": 3,
        "needFlagShipLevel": 8,
        "pruductGoods": [],
        "needShipNum": 4,
        "needShipType": [
            {
                "type": 7,
                "num": 1
            }
        ],
        "randAward": [],
        "needTime": 18000,
        "needOil": "0",
        "needAmmo": "0",
        "bigSuccessRate": 10
    },
    {
        "id": 30004,
        "title": "运输船队护航",
        "award": {
            "2": 50,
            "3": 250,
            "4": 200,
            "9": 50,
            "6": 120
        },
        "desc": "0",
        "pveId": 3,
        "needFlagShipLevel": 12,
        "pruductGoods": [
            241
        ],
        "needShipNum": 4,
        "needShipType": [
            {
                "type": 7,
                "num": 1
            }
        ],
        "randAward": [
            {
                "cid": 241,
                "rate": [
                    {
                        "num": 0,
                        "rate": 50
                    },
                    {
                        "num": 1,
                        "rate": 50
                    }
                ]
            },
            {
                "cid": 241,
                "rate": [
                    {
                        "num": 0,
                        "rate": 50
                    },
                    {
                        "num": 1,
                        "rate": 50
                    }
                ]
            }
        ],
        "needTime": 28800,
        "needOil": "0",
        "needAmmo": "0",
        "bigSuccessRate": 10
    },
    {
        "id": 40001,
        "title": "突破封锁线",
        "award": {
            "2": 240,
            "3": 300,
            "6": 130
        },
        "desc": "0",
        "pveId": 4,
        "needFlagShipLevel": 20,
        "pruductGoods": [
            541
        ],
        "needShipNum": 6,
        "needShipType": [
            {
                "type": 12,
                "num": 4
            }
        ],
        "randAward": [
            {
                "cid": 541,
                "rate": [
                    {
                        "num": 0,
                        "rate": 50
                    },
                    {
                        "num": 1,
                        "rate": 50
                    }
                ]
            },
            {
                "cid": 541,
                "rate": [
                    {
                        "num": 0,
                        "rate": 50
                    },
                    {
                        "num": 1,
                        "rate": 50
                    }
                ]
            }
        ],
        "needTime": 14400,
        "needOil": "0",
        "needAmmo": "0",
        "bigSuccessRate": 10
    },
    {
        "id": 40002,
        "title": "火力支援",
        "award": {
            "3": 240,
            "4": 200,
            "6": 140
        },
        "desc": "0",
        "pveId": 4,
        "needFlagShipLevel": 30,
        "pruductGoods": [
            141
        ],
        "needShipNum": 6,
        "needShipType": [
            {
                "type": 10,
                "num": 2
            },
            {
                "type": 12,
                "num": 2
            }
        ],
        "randAward": [
            {
                "cid": 141,
                "rate": [
                    {
                        "num": 0,
                        "rate": 30
                    },
                    {
                        "num": 1,
                        "rate": 70
                    }
                ]
            },
            {
                "cid": 141,
                "rate": [
                    {
                        "num": 0,
                        "rate": 30
                    },
                    {
                        "num": 1,
                        "rate": 70
                    }
                ]
            }
        ],
        "needTime": 21600,
        "needOil": "0",
        "needAmmo": "0",
        "bigSuccessRate": 10
    },
    {
        "id": 40003,
        "title": "封锁航线",
        "award": {
            "4": 300,
            "9": 400,
            "6": 150
        },
        "desc": "0",
        "pveId": 4,
        "needFlagShipLevel": 20,
        "pruductGoods": [
            241
        ],
        "needShipNum": 6,
        "needShipType": [
            {
                "type": 10,
                "num": 2
            }
        ],
        "randAward": [
            {
                "cid": 241,
                "rate": [
                    {
                        "num": 0,
                        "rate": 20
                    },
                    {
                        "num": 1,
                        "rate": 60
                    },
                    {
                        "num": 2,
                        "rate": 20
                    }
                ]
            },
            {
                "cid": 241,
                "rate": [
                    {
                        "num": 0,
                        "rate": 20
                    },
                    {
                        "num": 1,
                        "rate": 60
                    },
                    {
                        "num": 2,
                        "rate": 20
                    }
                ]
            }
        ],
        "needTime": 43200,
        "needOil": "0",
        "needAmmo": "0",
        "bigSuccessRate": 10
    },
    {
        "id": 40004,
        "title": "联合登陆行动",
        "award": {
            "3": 200,
            "9": 90,
            "6": 160
        },
        "desc": "0",
        "pveId": 4,
        "needFlagShipLevel": 30,
        "pruductGoods": [],
        "needShipNum": 4,
        "needShipType": [],
        "randAward": [],
        "needTime": 12600,
        "needOil": "0",
        "needAmmo": "0",
        "bigSuccessRate": 10
    },
    {
        "id": 50001,
        "title": "武装侦察",
        "award": {
            "2": 120,
            "4": 120,
            "6": 170
        },
        "desc": "0",
        "pveId": 5,
        "needFlagShipLevel": 25,
        "pruductGoods": [
            141
        ],
        "needShipNum": 4,
        "needShipType": [
            {
                "type": 12,
                "num": 3
            }
        ],
        "randAward": [
            {
                "cid": 141,
                "rate": [
                    {
                        "num": 0,
                        "rate": 50
                    },
                    {
                        "num": 1,
                        "rate": 50
                    }
                ]
            },
            {
                "cid": 141,
                "rate": [
                    {
                        "num": 0,
                        "rate": 50
                    },
                    {
                        "num": 1,
                        "rate": 50
                    }
                ]
            }
        ],
        "needTime": 7200,
        "needOil": "0",
        "needAmmo": "0",
        "bigSuccessRate": 10
    },
    {
        "id": 50002,
        "title": "主力舰出动",
        "award": {
            "9": 180,
            "6": 180
        },
        "desc": "0",
        "pveId": 5,
        "needFlagShipLevel": 25,
        "pruductGoods": [
            741
        ],
        "needShipNum": 6,
        "needShipType": [
            {
                "type": 2,
                "num": 1
            },
            {
                "type": 12,
                "num": 2
            }
        ],
        "randAward": [
            {
                "cid": 741,
                "rate": [
                    {
                        "num": 0,
                        "rate": 60
                    },
                    {
                        "num": 1,
                        "rate": 40
                    }
                ]
            },
            {
                "cid": 741,
                "rate": [
                    {
                        "num": 0,
                        "rate": 60
                    },
                    {
                        "num": 1,
                        "rate": 40
                    }
                ]
            }
        ],
        "needTime": 18000,
        "needOil": "0",
        "needAmmo": "0",
        "bigSuccessRate": 10
    },
    {
        "id": 50003,
        "title": "航空援护",
        "award": {
            "2": 60,
            "3": 80,
            "6": 190
        },
        "desc": "0",
        "pveId": 5,
        "needFlagShipLevel": 40,
        "pruductGoods": [],
        "needShipNum": 6,
        "needShipType": [
            {
                "type": 4,
                "num": 1
            },
            {
                "type": 12,
                "num": 2
            }
        ],
        "randAward": [],
        "needTime": 3600,
        "needOil": "0",
        "needAmmo": "0",
        "bigSuccessRate": 10
    },
    {
        "id": 50004,
        "title": "夜间强袭作战",
        "award": {
            "4": 200,
            "6": 200
        },
        "desc": "0",
        "pveId": 5,
        "needFlagShipLevel": 50,
        "pruductGoods": [
            541
        ],
        "needShipNum": 6,
        "needShipType": [
            {
                "type": 12,
                "num": 6
            }
        ],
        "randAward": [
            {
                "cid": 541,
                "rate": [
                    {
                        "num": 0,
                        "rate": 30
                    },
                    {
                        "num": 1,
                        "rate": 60
                    },
                    {
                        "num": 2,
                        "rate": 10
                    }
                ]
            },
            {
                "cid": 541,
                "rate": [
                    {
                        "num": 0,
                        "rate": 30
                    },
                    {
                        "num": 1,
                        "rate": 60
                    },
                    {
                        "num": 2,
                        "rate": 10
                    }
                ]
            }
        ],
        "needTime": 7200,
        "needOil": "0",
        "needAmmo": "0",
        "bigSuccessRate": 10
    },
    {
        "id": 60001,
        "title": "北冰洋航线",
        "award": {
            "2": 800,
            "6": 210
        },
        "desc": "0",
        "pveId": 6,
        "needFlagShipLevel": 45,
        "pruductGoods": [],
        "needShipNum": 6,
        "needShipType": [
            {
                "type": 12,
                "num": 3
            },
            {
                "type": 10,
                "num": 1
            }
        ],
        "randAward": [],
        "needTime": 32400,
        "needOil": "0",
        "needAmmo": "0",
        "bigSuccessRate": 10
    },
    {
        "id": 60002,
        "title": "战列舰作战",
        "award": {
            "3": 200,
            "4": 200,
            "6": 220
        },
        "desc": "0",
        "pveId": 6,
        "needFlagShipLevel": 50,
        "pruductGoods": [
            241
        ],
        "needShipNum": 6,
        "needShipType": [
            {
                "type": 4,
                "num": 1
            }
        ],
        "randAward": [
            {
                "cid": 241,
                "rate": [
                    {
                        "num": 0,
                        "rate": 50
                    },
                    {
                        "num": 1,
                        "rate": 50
                    }
                ]
            },
            {
                "cid": 241,
                "rate": [
                    {
                        "num": 0,
                        "rate": 50
                    },
                    {
                        "num": 1,
                        "rate": 50
                    }
                ]
            }
        ],
        "needTime": 10800,
        "needOil": "0",
        "needAmmo": "0",
        "bigSuccessRate": 10
    },
    {
        "id": 60003,
        "title": "海航强攻",
        "award": {
            "2": 200,
            "9": 100,
            "6": 230
        },
        "desc": "0",
        "pveId": 6,
        "needFlagShipLevel": 50,
        "pruductGoods": [
            241
        ],
        "needShipNum": 6,
        "needShipType": [
            {
                "type": 5,
                "num": 1
            }
        ],
        "randAward": [
            {
                "cid": 241,
                "rate": [
                    {
                        "num": 0,
                        "rate": 30
                    },
                    {
                        "num": 1,
                        "rate": 60
                    },
                    {
                        "num": 2,
                        "rate": 10
                    }
                ]
            },
            {
                "cid": 241,
                "rate": [
                    {
                        "num": 0,
                        "rate": 30
                    },
                    {
                        "num": 1,
                        "rate": 60
                    },
                    {
                        "num": 2,
                        "rate": 10
                    }
                ]
            }
        ],
        "needTime": 14400,
        "needOil": "0",
        "needAmmo": "0",
        "bigSuccessRate": 10
    },
    {
        "id": 60004,
        "title": "莱茵演习",
        "award": {
            "3": 1000,
            "6": 240
        },
        "desc": "0",
        "pveId": 6,
        "needFlagShipLevel": 50,
        "pruductGoods": [
            741
        ],
        "needShipNum": 4,
        "needShipType": [
            {
                "type": 7,
                "num": 2
            },
            {
                "type": 12,
                "num": 2
            }
        ],
        "randAward": [],
        "needTime": 43200,
        "needOil": "0",
        "needAmmo": "0",
        "bigSuccessRate": 10
    },
    {
        "id": 70001,
        "title": "强击潜艇洞库",
        "award": {
            "9": 600,
            "6": 250
        },
        "desc": "0",
        "pveId": 7,
        "needFlagShipLevel": 40,
        "pruductGoods": [],
        "needShipNum": 4,
        "needShipType": [
            {
                "type": 1,
                "num": 1
            },
            {
                "type": 7,
                "num": 1
            }
        ],
        "randAward": [],
        "needTime": 36000,
        "needOil": "0",
        "needAmmo": "0",
        "bigSuccessRate": 10
    },
    {
        "id": 70002,
        "title": "大西洋反潜护航",
        "award": {
            "2": 600,
            "3": 600,
            "4": 600,
            "6": 260
        },
        "desc": "0",
        "pveId": 7,
        "needFlagShipLevel": 60,
        "pruductGoods": [
            141
        ],
        "needShipNum": 6,
        "needShipType": [
            {
                "type": 12,
                "num": 2
            }
        ],
        "randAward": [
            {
                "cid": 141,
                "rate": [
                    {
                        "num": 0,
                        "rate": 40
                    },
                    {
                        "num": 1,
                        "rate": 60
                    }
                ]
            },
            {
                "cid": 141,
                "rate": [
                    {
                        "num": 0,
                        "rate": 40
                    },
                    {
                        "num": 1,
                        "rate": 60
                    }
                ]
            }
        ],
        "needTime": 72000,
        "needOil": "0",
        "needAmmo": "0",
        "bigSuccessRate": 10
    },
    {
        "id": 70003,
        "title": "突袭军港",
        "award": {
            "4": 1200,
            "6": 270
        },
        "desc": "0",
        "pveId": 7,
        "needFlagShipLevel": 50,
        "pruductGoods": [
            241
        ],
        "needShipNum": 6,
        "needShipType": [
            {
                "type": 2,
                "num": 1
            },
            {
                "type": 12,
                "num": 2
            }
        ],
        "randAward": [
            {
                "cid": 241,
                "rate": [
                    {
                        "num": 0,
                        "rate": 20
                    },
                    {
                        "num": 1,
                        "rate": 70
                    },
                    {
                        "num": 2,
                        "rate": 10
                    }
                ]
            },
            {
                "cid": 241,
                "rate": [
                    {
                        "num": 0,
                        "rate": 20
                    },
                    {
                        "num": 1,
                        "rate": 70
                    },
                    {
                        "num": 2,
                        "rate": 10
                    }
                ]
            }
        ],
        "needTime": 86400,
        "needOil": "0",
        "needAmmo": "0",
        "bigSuccessRate": 10
    },
    {
        "id": 70004,
        "title": "航空封锁战",
        "award": {
            "3": 1500,
            "9": 300,
            "6": 280
        },
        "desc": "0",
        "pveId": 7,
        "needFlagShipLevel": 12,
        "pruductGoods": [
            541
        ],
        "needShipNum": 6,
        "needShipType": [
            {
                "type": 3,
                "num": 1
            }
        ],
        "randAward": [],
        "needTime": 172800,
        "needOil": "0",
        "needAmmo": "0",
        "bigSuccessRate": 10
    },
    {
        "id": 80001,
        "title": "加勒比海域航空演习",
        "award": {
            "3": 150,
            "9": 150,
            "6": 290
        },
        "desc": "0",
        "pveId": 8,
        "needFlagShipLevel": 50,
        "pruductGoods": [
            141
        ],
        "needShipNum": 6,
        "needShipType": [
            {
                "type": 1,
                "num": 2
            }
        ],
        "randAward": [
            {
                "cid": 141,
                "rate": [
                    {
                        "num": 0,
                        "rate": 20
                    },
                    {
                        "num": 1,
                        "rate": 50
                    },
                    {
                        "num": 2,
                        "rate": 30
                    }
                ]
            },
            {
                "cid": 141,
                "rate": [
                    {
                        "num": 0,
                        "rate": 20
                    },
                    {
                        "num": 1,
                        "rate": 50
                    },
                    {
                        "num": 2,
                        "rate": 30
                    }
                ]
            }
        ],
        "needTime": 18000,
        "needOil": "0",
        "needAmmo": "0",
        "bigSuccessRate": 10
    },
    {
        "id": 80002,
        "title": "加勒比海域战舰演习",
        "award": {
            "2": 300,
            "4": 150,
            "6": 300
        },
        "desc": "0",
        "pveId": 8,
        "needFlagShipLevel": 55,
        "pruductGoods": [
            541
        ],
        "needShipNum": 6,
        "needShipType": [
            {
                "type": 1,
                "num": 2
            }
        ],
        "randAward": [
            {
                "cid": 541,
                "rate": [
                    {
                        "num": 0,
                        "rate": 20
                    },
                    {
                        "num": 1,
                        "rate": 60
                    },
                    {
                        "num": 2,
                        "rate": 20
                    }
                ]
            },
            {
                "cid": 541,
                "rate": [
                    {
                        "num": 0,
                        "rate": 20
                    },
                    {
                        "num": 1,
                        "rate": 60
                    },
                    {
                        "num": 2,
                        "rate": 20
                    }
                ]
            }
        ],
        "needTime": 21600,
        "needOil": "0",
        "needAmmo": "0",
        "bigSuccessRate": 10
    }
]