[
    {
        "id": 1,
        "title": "初始套装",
        "desc": "这是初始套装",
        "furnitureCids": [
            10000171,
            10000271,
            10000371,
            10000471,
            10000571,
            10000671,
            10006671,
            10007271,
            10009571,
            10011771
        ]
    },
    {
        "id": 2,
        "title": "和风居室套装",
        "desc": "经典的和式装饰，似乎充满了家的温暖（物理）。",
        "furnitureCids": [
            10100171,
            10200171,
            10001071,
            10001171,
            10001271,
            10001371,
            10001471,
            10001571,
            10001671,
            10001771,
            10001871,
            10001971,
            10002071,
            10002171,
            10002271,
            10002371
        ]
    },
    {
        "id": 3,
        "title": "爵士俱乐部套装",
        "desc": "现代风格，豪华装修，灯光绚丽，服务上乘。",
        "furnitureCids": [
            10100271,
            10200271,
            10002671,
            10002771,
            10002871,
            10002971,
            10003071,
            10003171,
            10003271,
            10003471,
            10003571,
            10003871
        ]
    },
    {
        "id": 4,
        "title": "中式古典家居套装",
        "desc": "中国近代常见的古典装修风格，代入感很强。",
        "furnitureCids": [
            10100371,
            10200371,
            10003971,
            10004071,
            10004171,
            10004271,
            10004371,
            10004471,
            10004571,
            10004671,
            10004771,
            10004871,
            10004971,
            10005071,
            10005171
        ]
    },
    {
        "id": 5,
        "title": "海洋之心套装",
        "desc": "欧式地中海风格，给人一种清爽、明朗的体验。",
        "furnitureCids": [
            10101171,
            10200971,
            10002471,
            10002571,
            10010071,
            10010171,
            10010271,
            10010371,
            10010471,
            10010571,
            10010671,
            10012571,
            10012671,
            10013371,
            10013471,
            10013571,
            10013671,
            10013771,
            10013871,
            10013971,
            10014071,
            10014171,
            10014271,
            10014371,
            10014471,
            10014571,
            10014671,
            10014771,
            10014871
        ]
    },
    {
        "id": 6,
        "title": "简约现代风套装",
        "desc": "黑白的配色与简约的搭配，大气、美观，又不失稳重。",
        "furnitureCids": [
            10101271,
            10201071,
            10003671,
            10015071,
            10015171,
            10015271,
            10015371,
            10015471,
            10015571,
            10015671,
            10015771,
            10015871,
            10015971,
            10016071,
            10016171,
            10016271,
            10016371,
            10016471,
            10016571,
            10016671
        ]
    },
    {
        "id": 7,
        "title": "喵喵咖啡店套装",
        "desc": "洋溢着可爱气息的咖啡店，是下午茶时间的首选去处。",
        "furnitureCids": [
            10101371,
            10201171,
            10003771,
            10016771,
            10016871,
            10016971,
            10017071,
            10017171,
            10017271,
            10017371,
            10017471,
            10017571,
            10017671,
            10017771,
            10017871
        ]
    },
    {
        "id": 8,
        "title": "tap娱乐室套装",
        "desc": "打牌，下棋，玩游戏，舰娘们娱乐生活的首选。",
        "furnitureCids": [
            10101471,
            10201271,
            10005271,
            10005371,
            10005471,
            10005571,
            10005671,
            10014971,
            10017971,
            10018071,
            10018171,
            10018271,
            10018371,
            10018471,
            10018571,
            10018671,
            10018771,
            10018871
        ]
    },
    {
        "id": 9,
        "title": "合味道馆套装",
        "desc": "下班的你是否饥肠辘辘？快来合味道馆，点上一碗热腾腾的泡面，将疲劳与忧愁抛到脑后吧~",
        "furnitureCids": [
            10019371,
            10019471,
            10019571,
            10019671,
            10019771,
            10019871,
            10019971,
            10101571,
            10201371
        ]
    },
    {
        "id": 10,
        "title": "未来科技研发工作室",
        "desc": "再强调一次，这些不是玩具，是未来，是我们未来发展的希望。——夕张。",
        "furnitureCids": [
            10020071,
            10020171,
            10020271,
            10020371,
            10020471,
            10020571,
            10020671,
            10020771,
            10020871,
            10020971,
            10021071,
            10021171,
            10021271,
            10021371,
            10021471,
            10101671,
            10201471,
            10045871,
            10045971
        ]
    },
    {
        "id": 11,
        "title": "海之星幼儿园",
        "desc": "为了让港区的小家伙们成为好朋友而建立的幼儿园，里面设备齐全，人人都很友好。",
        "furnitureCids": [
            10021571,
            10021671,
            10021771,
            10021871,
            10021971,
            10022071,
            10022171,
            10022271,
            10022371,
            10022471,
            10022571,
            10022671,
            10101771,
            10201571
        ]
    },
    {
        "id": 12,
        "title": "午夜巴黎",
        "desc": "在这里生活过的每一个人，无论未来到哪里，都会铭记这里的景色，因为这里本身就是一席流动的盛宴。",
        "furnitureCids": [
            10023471,
            10023571,
            10023671,
            10023771,
            10101871,
            10201671
        ]
    },
    {
        "id": 13,
        "title": "极道赛车场",
        "desc": "想近距离感受引擎的轰鸣声，想在万众瞩目的地方夺得头筹吗？选择最适合你的车辆，与其他选手们一决高下吧！明日之星，也许就是你！",
        "furnitureCids": [
            10025571,
            10025671,
            10025771,
            10025871,
            10025971,
            10026071,
            10026171,
            10026271,
            10026371,
            10026471,
            10026571,
            10101971,
            10201771
        ]
    },
    {
        "id": 14,
        "title": "西部牛仔主题酒吧",
        "desc": "传说U国舰娘最爱的主题酒吧，但是因为频繁出现打架、斗殴事件，生意越来越差。",
        "furnitureCids": [
            10026671,
            10026771,
            10026871,
            10026971,
            10027071,
            10027171,
            10027271,
            10027371,
            10027471,
            10027571,
            10027671,
            10027771,
            10027871,
            10027971,
            10028071,
            10028171,
            10028271,
            10028371,
            10028471,
            10028571,
            10028671,
            10028771,
            10028871,
            10102071,
            10201871,
            10300971,
            10029171
        ]
    },
    {
        "id": 15,
        "title": "辛勤的土星日",
        "desc": "走进乡村就走进了绿色，走进农场就走进了希望，享受田园牧歌，沐浴温暖阳光。",
        "furnitureCids": [
            10029571,
            10029671,
            10029771,
            10029871,
            10029971,
            10030071,
            10030171,
            10030271,
            10030371,
            10030471,
            10030671,
            10101971,
            10201971
        ]
    },
    {
        "id": 16,
        "title": "万圣古堡",
        "desc": "古堡里并没有一片荒芜，也没有骑扫把的胖女巫，这里看起来幽深恐惧，却也是孩子们的天堂。",
        "furnitureCids": [
            10031171,
            10033771,
            10033871,
            10033971,
            10034071,
            10034171,
            10034271,
            10034371,
            10034471,
            10034571,
            10034671,
            10034771,
            10034871,
            10034971,
            10035071,
            10035171,
            10035271,
            10035371,
            10102571,
            10102671,
            10202271,
            10301171
        ]
    },
    {
        "id": 17,
        "title": "萤火虫的斜边巷",
        "desc": "在这条街上，请抛弃你对这个世界的原有认知，因为，这里是另一个世界。",
        "furnitureCids": [
            10031071,
            10031271,
            10031471,
            10031671,
            10035471,
            10035571,
            10035671,
            10035771,
            10035871,
            10036071,
            10036171,
            10102271,
            10202171
        ]
    },
    {
        "id": 18,
        "title": "热血网球场",
        "desc": "充满着热血与梦想，下一个网球少女就是你！",
        "furnitureCids": [
            10031571,
            10031771,
            10031871,
            10031971,
            10032071,
            10032171,
            10032271,
            10032371,
            10032471,
            10032571,
            10032671,
            10032771,
            10032871,
            10032971,
            10033071,
            10033171,
            10033271,
            10033371,
            10033471,
            10033571,
            10033671,
            10102371,
            10102471,
            10202071,
            10301071
        ]
    },
    {
        "id": 19,
        "title": "“朋友”宠物乐园",
        "desc": "到这里的大家都是朋友！",
        "furnitureCids": [
            10035971,
            10036271,
            10036371,
            10036471,
            10036571,
            10036671,
            10036771,
            10036871,
            10036971,
            10037071,
            10037171,
            10037271,
            10037371,
            10037471,
            10037571,
            10037671,
            10037771,
            10037871,
            10037971,
            10038071,
            10038171,
            10038271,
            10038371,
            10038471,
            10038571,
            10038671,
            10038771,
            10038871,
            10038971,
            10039071,
            10039171,
            10039271,
            10102771,
            10102871,
            10202371,
            10301271
        ]
    },
    {
        "id": 20,
        "title": "誓言街",
        "desc": "交错街是一个神秘而古老的地方，藏着许多秘密。",
        "furnitureCids": [
            10039371,
            10039471,
            10039571,
            10039671,
            10039771,
            10039871,
            10043371,
            10043471,
            10043571,
            10043671,
            10043771,
            10043871,
            10043971,
            10044071,
            10044171,
            10044271,
            10044371,
            10044471,
            10044571,
            10102971,
            10103371,
            10202771,
            10301471
        ]
    },
    {
        "id": 21,
        "title": "永恒之国",
        "desc": "永恒的国度，没有开始，也没有结束。有的只是谎言。",
        "furnitureCids": [
            10103271,
            10103071,
            10202671,
            10301371,
            10042571,
            10042671,
            10042771,
            10042871,
            10042971,
            10043071,
            10043171,
            10043271,
            10039971,
            10040071,
            10040171,
            10040671,
            10040771,
            10040871,
            10040971,
            10041071
        ]
    },
    {
        "id": 22,
        "title": "碧海乐园",
        "desc": "大家最爱的水上乐园，不过在海边修了一个这东西还是很奇怪的。",
        "furnitureCids": [
            10041171,
            10041271,
            10041371,
            10041471,
            10041571,
            10041671,
            10041771,
            10041871,
            10041971,
            10042071,
            10042171,
            10042271,
            10042371,
            10042471,
            10103171,
            10202571
        ]
    },
    {
        "id": 23,
        "title": "港区科研部",
        "desc": "不知道谁起的这个名字，总之就是科研部那帮人摸鱼的地方……",
        "furnitureCids": [
            10044771,
            10044871,
            10044971,
            10045071,
            10045171,
            10045271,
            10045371,
            10045671,
            10046871,
            10046971,
            10047071,
            10047171,
            10047271,
            10047371,
            10103571,
            10202971,
            10301571
        ]
    },
    {
        "id": 24,
        "title": "栖本公园",
        "desc": "绝美的公园，很漂亮，很美丽，适合露营。",
        "furnitureCids": [
            10045471,
            10045571,
            10045771,
            10046071,
            10046171,
            10046271,
            10046371,
            10046471,
            10046571,
            10046671,
            10046771,
            10103471,
            10202871
        ]
    }
]