[
    {
        "cid": 100001740,
        "title": "雷击熟练",
        "icon": 10000174,
        "type": 1,
        "level": "0",
        "effect": {
            "type": 2,
            "a": 0.02,
            "b": 1
        },
        "desc": "^C454545FF00000000在鱼雷战阶段，对^C1C8BE5FF00000000航空母舰^C454545FF00000000造成的伤害增加^C1C8BE5FF000000002%^C454545FF00000000",
        "desc2": "自身在鱼雷战阶段对敌方航母造成伤害获得经验",
        "tacticsId": 10000174,
        "shipTon": "0",
        "maxLevel": 3,
        "needLevel": "0",
        "needRes": {
            "10441": 5
        },
        "levelExp": [
            100,
            300,
            500
        ]
    },
    {
        "cid": 100001741,
        "title": "雷击熟练",
        "icon": 10000174,
        "type": 1,
        "level": 1,
        "effect": {
            "type": 2,
            "a": 0.04,
            "b": 1
        },
        "desc": "^C454545FF00000000在鱼雷战阶段，对^C1C8BE5FF00000000航空母舰^C454545FF00000000造成的伤害增加^C1C8BE5FF000000004%^C454545FF00000000",
        "desc2": "自身在鱼雷战阶段对敌方航母造成伤害获得经验",
        "tacticsId": 10000174,
        "shipTon": "0",
        "maxLevel": 3,
        "needLevel": "0",
        "needRes": {
            "10441": 5
        },
        "levelExp": [
            100,
            300,
            500
        ]
    },
    {
        "cid": 100001742,
        "title": "雷击熟练",
        "icon": 10000174,
        "type": 1,
        "level": 2,
        "effect": {
            "type": 2,
            "a": 0.06,
            "b": 1
        },
        "desc": "^C454545FF00000000在鱼雷战阶段，对^C1C8BE5FF00000000航空母舰^C454545FF00000000造成的伤害增加^C1C8BE5FF000000006%^C454545FF00000000",
        "desc2": "自身在鱼雷战阶段对敌方航母造成伤害获得经验",
        "tacticsId": 10000174,
        "shipTon": "0",
        "maxLevel": 3,
        "needLevel": "0",
        "needRes": {
            "10441": 5
        },
        "levelExp": [
            100,
            300,
            500
        ]
    },
    {
        "cid": 100001743,
        "title": "雷击熟练",
        "icon": 10000174,
        "type": 1,
        "level": 3,
        "effect": {
            "type": 2,
            "a": 0.08,
            "b": 1
        },
        "desc": "^C454545FF00000000在鱼雷战阶段，对^C1C8BE5FF00000000航空母舰^C454545FF00000000造成的伤害增加^C1C8BE5FF000000008%^C454545FF00000000",
        "desc2": "自身在鱼雷战阶段对敌方航母造成伤害获得经验",
        "tacticsId": 10000174,
        "shipTon": "0",
        "maxLevel": 3,
        "needLevel": "0",
        "needRes": {
            "10441": 5
        },
        "levelExp": [
            100,
            300,
            500
        ]
    },
    {
        "cid": 100002740,
        "title": "炮击训练",
        "icon": 10000274,
        "type": 1,
        "level": "0",
        "effect": {
            "type": 7,
            "a": 3,
            "b": 6,
            "e": "atk"
        },
        "desc": "^C454545FF00000000当自身在队伍中时，提高舰队中^C1C8BE5FF00000000战列巡洋舰^C454545FF00000000的^C1C8BE5FF00000000火力值3点^C454545FF00000000（不与相同战术叠加生效）",
        "desc2": "自身位于队伍中时，携带包含战巡的舰队出战获得经验",
        "tacticsId": 10000274,
        "shipTon": 1,
        "maxLevel": 3,
        "needLevel": "0",
        "needRes": {
            "10341": 6
        },
        "levelExp": [
            100,
            300,
            500
        ]
    },
    {
        "cid": 100002741,
        "title": "炮击训练",
        "icon": 10000274,
        "type": 1,
        "level": 1,
        "effect": {
            "type": 7,
            "a": 5,
            "b": 6,
            "e": "atk"
        },
        "desc": "^C454545FF00000000当自身在队伍中时，提高舰队中^C1C8BE5FF00000000战列巡洋舰^C454545FF00000000的^C1C8BE5FF00000000火力值5点^C454545FF00000000（不与相同战术叠加生效）",
        "desc2": "自身位于队伍中时，携带包含战巡的舰队出战获得经验",
        "tacticsId": 10000274,
        "shipTon": 1,
        "maxLevel": 3,
        "needLevel": "0",
        "needRes": {
            "10341": 6
        },
        "levelExp": [
            100,
            300,
            500
        ]
    },
    {
        "cid": 100002742,
        "title": "炮击训练",
        "icon": 10000274,
        "type": 1,
        "level": 2,
        "effect": {
            "type": 7,
            "a": 7,
            "b": 6,
            "e": "atk"
        },
        "desc": "^C454545FF00000000当自身在队伍中时，提高舰队中^C1C8BE5FF00000000战列巡洋舰^C454545FF00000000的^C1C8BE5FF00000000火力值7点^C454545FF00000000（不与相同战术叠加生效）",
        "desc2": "自身位于队伍中时，携带包含战巡的舰队出战获得经验",
        "tacticsId": 10000274,
        "shipTon": 1,
        "maxLevel": 3,
        "needLevel": "0",
        "needRes": {
            "10341": 6
        },
        "levelExp": [
            100,
            300,
            500
        ]
    },
    {
        "cid": 100002743,
        "title": "炮击训练",
        "icon": 10000274,
        "type": 1,
        "level": 3,
        "effect": {
            "type": 7,
            "a": 10,
            "b": 6,
            "e": "atk"
        },
        "desc": "^C454545FF00000000当自身在队伍中时，提高舰队中^C1C8BE5FF00000000战列巡洋舰^C454545FF00000000的^C1C8BE5FF00000000火力值10点^C454545FF00000000（不与相同战术叠加生效）",
        "desc2": "自身位于队伍中时，携带包含战巡的舰队出战获得经验",
        "tacticsId": 10000274,
        "shipTon": 1,
        "maxLevel": 3,
        "needLevel": "0",
        "needRes": {
            "10341": 6
        },
        "levelExp": [
            100,
            300,
            500
        ]
    },
    {
        "cid": 100003740,
        "title": "拦阻射击",
        "icon": 10000374,
        "type": 1,
        "level": "0",
        "effect": {
            "type": 1,
            "a": 0.02,
            "b": 12
        },
        "desc": "^C454545FF00000000在炮击战阶段，对^C1C8BE5FF00000000驱逐舰^C454545FF00000000造成的伤害增加^C1C8BE5FF000000002%^C454545FF00000000",
        "desc2": "自身在炮击战阶段对敌方驱逐舰造成伤害获得经验",
        "tacticsId": 10000374,
        "shipTon": "0",
        "maxLevel": 3,
        "needLevel": "0",
        "needRes": {
            "10241": 5
        },
        "levelExp": [
            100,
            300,
            500
        ]
    },
    {
        "cid": 100003741,
        "title": "拦阻射击",
        "icon": 10000374,
        "type": 1,
        "level": 1,
        "effect": {
            "type": 1,
            "a": 0.04,
            "b": 12
        },
        "desc": "^C454545FF00000000在炮击战阶段，对^C1C8BE5FF00000000驱逐舰^C454545FF00000000造成的伤害增加^C1C8BE5FF000000004%^C454545FF00000000",
        "desc2": "自身在炮击战阶段对敌方驱逐舰造成伤害获得经验",
        "tacticsId": 10000374,
        "shipTon": "0",
        "maxLevel": 3,
        "needLevel": "0",
        "needRes": {
            "10241": 5
        },
        "levelExp": [
            100,
            300,
            500
        ]
    },
    {
        "cid": 100003742,
        "title": "拦阻射击",
        "icon": 10000374,
        "type": 1,
        "level": 2,
        "effect": {
            "type": 1,
            "a": 0.06,
            "b": 12
        },
        "desc": "^C454545FF00000000在炮击战阶段，对^C1C8BE5FF00000000驱逐舰^C454545FF00000000造成的伤害增加^C1C8BE5FF000000006%^C454545FF00000000",
        "desc2": "自身在炮击战阶段对敌方驱逐舰造成伤害获得经验",
        "tacticsId": 10000374,
        "shipTon": "0",
        "maxLevel": 3,
        "needLevel": "0",
        "needRes": {
            "10241": 5
        },
        "levelExp": [
            100,
            300,
            500
        ]
    },
    {
        "cid": 100003743,
        "title": "拦阻射击",
        "icon": 10000374,
        "type": 1,
        "level": 3,
        "effect": {
            "type": 1,
            "a": 0.08,
            "b": 12
        },
        "desc": "^C454545FF00000000在炮击战阶段，对^C1C8BE5FF00000000驱逐舰^C454545FF00000000造成的伤害增加^C1C8BE5FF000000008%^C454545FF00000000",
        "desc2": "自身在炮击战阶段对敌方驱逐舰造成伤害获得经验",
        "tacticsId": 10000374,
        "shipTon": "0",
        "maxLevel": 3,
        "needLevel": "0",
        "needRes": {
            "10241": 5
        },
        "levelExp": [
            100,
            300,
            500
        ]
    },
    {
        "cid": 100004740,
        "title": "对海警戒哨",
        "icon": 10000474,
        "type": 2,
        "level": "0",
        "effect": {
            "type": 5,
            "a": 0.02,
            "b": 12
        },
        "desc": "^C454545FF00000000在鱼雷战阶段，自身受到^C1C8BE5FF00000000驱逐舰^C454545FF00000000的伤害减少^C1C8BE5FF000000002%^C454545FF00000000",
        "desc2": "自身在鱼雷战阶段承受来自敌方驱逐舰的伤害增加经验",
        "tacticsId": 10000474,
        "shipTon": "0",
        "maxLevel": 3,
        "needLevel": "0",
        "needRes": {
            "10441": 4
        },
        "levelExp": [
            100,
            300,
            500
        ]
    },
    {
        "cid": 100004741,
        "title": "对海警戒哨",
        "icon": 10000474,
        "type": 2,
        "level": 1,
        "effect": {
            "type": 5,
            "a": 0.04,
            "b": 12
        },
        "desc": "^C454545FF00000000在鱼雷战阶段，自身受到^C1C8BE5FF00000000驱逐舰^C454545FF00000000的伤害减少^C1C8BE5FF000000004%^C454545FF00000000",
        "desc2": "自身在鱼雷战阶段承受来自敌方驱逐舰的伤害增加经验",
        "tacticsId": 10000474,
        "shipTon": "0",
        "maxLevel": 3,
        "needLevel": "0",
        "needRes": {
            "10441": 4
        },
        "levelExp": [
            100,
            300,
            500
        ]
    },
    {
        "cid": 100004742,
        "title": "对海警戒哨",
        "icon": 10000474,
        "type": 2,
        "level": 2,
        "effect": {
            "type": 5,
            "a": 0.06,
            "b": 12
        },
        "desc": "^C454545FF00000000在鱼雷战阶段，自身受到^C1C8BE5FF00000000驱逐舰^C454545FF00000000的伤害减少^C1C8BE5FF000000006%^C454545FF00000000",
        "desc2": "自身在鱼雷战阶段承受来自敌方驱逐舰的伤害增加经验",
        "tacticsId": 10000474,
        "shipTon": "0",
        "maxLevel": 3,
        "needLevel": "0",
        "needRes": {
            "10441": 4
        },
        "levelExp": [
            100,
            300,
            500
        ]
    },
    {
        "cid": 100004743,
        "title": "对海警戒哨",
        "icon": 10000474,
        "type": 2,
        "level": 3,
        "effect": {
            "type": 5,
            "a": 0.08,
            "b": 12
        },
        "desc": "^C454545FF00000000在鱼雷战阶段，自身受到^C1C8BE5FF00000000驱逐舰^C454545FF00000000的伤害减少^C1C8BE5FF000000008%^C454545FF00000000",
        "desc2": "自身在鱼雷战阶段承受来自敌方驱逐舰的伤害增加经验",
        "tacticsId": 10000474,
        "shipTon": "0",
        "maxLevel": 3,
        "needLevel": "0",
        "needRes": {
            "10441": 4
        },
        "levelExp": [
            100,
            300,
            500
        ]
    },
    {
        "cid": 100005740,
        "title": "前哨援护",
        "icon": 10000574,
        "type": 2,
        "level": "0",
        "effect": {
            "type": 7,
            "a": 3,
            "b": 7,
            "e": "def"
        },
        "desc": "^C454545FF00000000自身位于队伍中时，提高舰队中^C1C8BE5FF00000000重型巡洋舰^C454545FF00000000的^C1C8BE5FF00000000装甲值3点^C454545FF00000000",
        "desc2": "自身位于队伍中时，携带包含重巡的舰队出战获得经验",
        "tacticsId": 10000574,
        "shipTon": 2,
        "maxLevel": 3,
        "needLevel": "0",
        "needRes": {
            "10341": 3
        },
        "levelExp": [
            100,
            300,
            500
        ]
    },
    {
        "cid": 100005741,
        "title": "前哨援护",
        "icon": 10000574,
        "type": 2,
        "level": 1,
        "effect": {
            "type": 7,
            "a": 5,
            "b": 7,
            "e": "def"
        },
        "desc": "^C454545FF00000000自身位于队伍中时，提高舰队中^C1C8BE5FF00000000重型巡洋舰^C454545FF00000000的^C1C8BE5FF00000000装甲值5点^C454545FF00000000",
        "desc2": "自身位于队伍中时，携带包含重巡的舰队出战获得经验",
        "tacticsId": 10000574,
        "shipTon": 2,
        "maxLevel": 3,
        "needLevel": "0",
        "needRes": {
            "10341": 3
        },
        "levelExp": [
            100,
            300,
            500
        ]
    },
    {
        "cid": 100005742,
        "title": "前哨援护",
        "icon": 10000574,
        "type": 2,
        "level": 2,
        "effect": {
            "type": 7,
            "a": 7,
            "b": 7,
            "e": "def"
        },
        "desc": "^C454545FF00000000自身位于队伍中时，提高舰队中^C1C8BE5FF00000000重型巡洋舰^C454545FF00000000的^C1C8BE5FF00000000装甲值7点^C454545FF00000000",
        "desc2": "自身位于队伍中时，携带包含重巡的舰队出战获得经验",
        "tacticsId": 10000574,
        "shipTon": 2,
        "maxLevel": 3,
        "needLevel": "0",
        "needRes": {
            "10341": 3
        },
        "levelExp": [
            100,
            300,
            500
        ]
    },
    {
        "cid": 100005743,
        "title": "前哨援护",
        "icon": 10000574,
        "type": 2,
        "level": 3,
        "effect": {
            "type": 7,
            "a": 10,
            "b": 7,
            "e": "def"
        },
        "desc": "^C454545FF00000000自身位于队伍中时，提高舰队中^C1C8BE5FF00000000重型巡洋舰^C454545FF00000000的^C1C8BE5FF00000000装甲值10点^C454545FF00000000",
        "desc2": "自身位于队伍中时，携带包含重巡的舰队出战获得经验",
        "tacticsId": 10000574,
        "shipTon": 2,
        "maxLevel": 3,
        "needLevel": "0",
        "needRes": {
            "10341": 3
        },
        "levelExp": [
            100,
            300,
            500
        ]
    },
    {
        "cid": 100006740,
        "title": "过穿",
        "icon": 10000674,
        "type": 2,
        "level": "0",
        "effect": {
            "type": 4,
            "a": 0.02,
            "b": 4
        },
        "desc": "^C454545FF00000000在炮击战阶段，自身受到^C1C8BE5FF00000000战列舰^C454545FF00000000的伤害减少^C1C8BE5FF000000002%^C454545FF00000000",
        "desc2": "自身在炮击战阶段承受来自敌方战列舰的伤害增加经验",
        "tacticsId": 10000674,
        "shipTon": "0",
        "maxLevel": 3,
        "needLevel": "0",
        "needRes": {
            "10241": 5
        },
        "levelExp": [
            100,
            300,
            500
        ]
    },
    {
        "cid": 100006741,
        "title": "过穿",
        "icon": 10000674,
        "type": 2,
        "level": 1,
        "effect": {
            "type": 4,
            "a": 0.04,
            "b": 4
        },
        "desc": "^C454545FF00000000在炮击战阶段，自身受到^C1C8BE5FF00000000战列舰^C454545FF00000000的伤害减少^C1C8BE5FF000000004%^C454545FF00000000",
        "desc2": "自身在炮击战阶段承受来自敌方战列舰的伤害增加经验",
        "tacticsId": 10000674,
        "shipTon": "0",
        "maxLevel": 3,
        "needLevel": "0",
        "needRes": {
            "10241": 5
        },
        "levelExp": [
            100,
            300,
            500
        ]
    },
    {
        "cid": 100006742,
        "title": "过穿",
        "icon": 10000674,
        "type": 2,
        "level": 2,
        "effect": {
            "type": 4,
            "a": 0.06,
            "b": 4
        },
        "desc": "^C454545FF00000000在炮击战阶段，自身受到^C1C8BE5FF00000000战列舰^C454545FF00000000的伤害减少^C1C8BE5FF000000006%^C454545FF00000000",
        "desc2": "自身在炮击战阶段承受来自敌方战列舰的伤害增加经验",
        "tacticsId": 10000674,
        "shipTon": "0",
        "maxLevel": 3,
        "needLevel": "0",
        "needRes": {
            "10241": 5
        },
        "levelExp": [
            100,
            300,
            500
        ]
    },
    {
        "cid": 100006743,
        "title": "过穿",
        "icon": 10000674,
        "type": 2,
        "level": 3,
        "effect": {
            "type": 4,
            "a": 0.08,
            "b": 4
        },
        "desc": "^C454545FF00000000在炮击战阶段，自身受到^C1C8BE5FF00000000战列舰^C454545FF00000000的伤害减少^C1C8BE5FF000000008%^C454545FF00000000",
        "desc2": "自身在炮击战阶段承受来自敌方战列舰的伤害增加经验",
        "tacticsId": 10000674,
        "shipTon": "0",
        "maxLevel": 3,
        "needLevel": "0",
        "needRes": {
            "10241": 5
        },
        "levelExp": [
            100,
            300,
            500
        ]
    },
    {
        "cid": 100007740,
        "title": "大角度规避",
        "icon": 10000774,
        "type": 3,
        "level": "0",
        "effect": {
            "type": 10,
            "a": 0.05
        },
        "desc": "^C454545FF00000000炮击战阶段受到^C1C8BE5FF00000000炮击^C454545FF00000000时，有^C1C8BE5FF000000005%^C454545FF00000000的概率免疫该次攻击^C454545FF00000000",
        "desc2": "自身在炮击战阶段免疫一次攻击获得经验",
        "tacticsId": 10000774,
        "shipTon": "0",
        "maxLevel": 3,
        "needLevel": "0",
        "needRes": {
            "10241": 6
        },
        "levelExp": [
            100,
            300,
            500
        ]
    },
    {
        "cid": 100007741,
        "title": "大角度规避",
        "icon": 10000774,
        "type": 3,
        "level": 1,
        "effect": {
            "type": 10,
            "a": 0.1
        },
        "desc": "^C454545FF00000000炮击战阶段受到^C1C8BE5FF00000000炮击^C454545FF00000000时，有^C1C8BE5FF0000000010%^C454545FF00000000的概率免疫该次攻击^C454545FF00000000",
        "desc2": "自身在炮击战阶段免疫一次攻击获得经验",
        "tacticsId": 10000774,
        "shipTon": "0",
        "maxLevel": 3,
        "needLevel": "0",
        "needRes": {
            "10241": 6
        },
        "levelExp": [
            100,
            300,
            500
        ]
    },
    {
        "cid": 100007742,
        "title": "大角度规避",
        "icon": 10000774,
        "type": 3,
        "level": 2,
        "effect": {
            "type": 10,
            "a": 0.15
        },
        "desc": "^C454545FF00000000炮击战阶段受到^C1C8BE5FF00000000炮击^C454545FF00000000时，有^C1C8BE5FF0000000015%^C454545FF00000000的概率免疫该次攻击^C454545FF00000000",
        "desc2": "自身在炮击战阶段免疫一次攻击获得经验",
        "tacticsId": 10000774,
        "shipTon": "0",
        "maxLevel": 3,
        "needLevel": "0",
        "needRes": {
            "10241": 6
        },
        "levelExp": [
            100,
            300,
            500
        ]
    },
    {
        "cid": 100007743,
        "title": "大角度规避",
        "icon": 10000774,
        "type": 3,
        "level": 3,
        "effect": {
            "type": 10,
            "a": 0.2
        },
        "desc": "^C454545FF00000000炮击战阶段受到^C1C8BE5FF00000000炮击^C454545FF00000000时，有^C1C8BE5FF0000000020%^C454545FF00000000的概率免疫该次攻击^C454545FF00000000",
        "desc2": "自身在炮击战阶段免疫一次攻击获得经验",
        "tacticsId": 10000774,
        "shipTon": "0",
        "maxLevel": 3,
        "needLevel": "0",
        "needRes": {
            "10241": 6
        },
        "levelExp": [
            100,
            300,
            500
        ]
    },
    {
        "cid": 100008740,
        "title": "雁行雷击",
        "icon": 10000874,
        "type": 3,
        "level": "0",
        "effect": {
            "type": 11,
            "a": 0.05
        },
        "desc": "^C454545FF00000000闭幕雷击时，自身有^C1C8BE5FF000000005%^C454545FF00000000的概率多发射一枚鱼雷^C454545FF00000000",
        "desc2": "自身在闭幕雷击阶段多发射一枚鱼雷获得经验",
        "tacticsId": 10000874,
        "shipTon": "0",
        "maxLevel": 3,
        "needLevel": "0",
        "needRes": {
            "10441": 6
        },
        "levelExp": [
            100,
            300,
            500
        ]
    },
    {
        "cid": 100008741,
        "title": "雁行雷击",
        "icon": 10000874,
        "type": 3,
        "level": 1,
        "effect": {
            "type": 11,
            "a": 0.1
        },
        "desc": "^C454545FF00000000闭幕雷击时，自身有^C1C8BE5FF0000000010%^C454545FF00000000的概率多发射一枚鱼雷^C454545FF00000000",
        "desc2": "自身在闭幕雷击阶段多发射一枚鱼雷获得经验",
        "tacticsId": 10000874,
        "shipTon": "0",
        "maxLevel": 3,
        "needLevel": "0",
        "needRes": {
            "10441": 6
        },
        "levelExp": [
            100,
            300,
            500
        ]
    },
    {
        "cid": 100008742,
        "title": "雁行雷击",
        "icon": 10000874,
        "type": 3,
        "level": 2,
        "effect": {
            "type": 11,
            "a": 0.15
        },
        "desc": "^C454545FF00000000闭幕雷击时，自身有^C1C8BE5FF0000000015%^C454545FF00000000的概率多发射一枚鱼雷^C454545FF00000000",
        "desc2": "自身在闭幕雷击阶段多发射一枚鱼雷获得经验",
        "tacticsId": 10000874,
        "shipTon": "0",
        "maxLevel": 3,
        "needLevel": "0",
        "needRes": {
            "10441": 6
        },
        "levelExp": [
            100,
            300,
            500
        ]
    },
    {
        "cid": 100008743,
        "title": "雁行雷击",
        "icon": 10000874,
        "type": 3,
        "level": 3,
        "effect": {
            "type": 11,
            "a": 0.2
        },
        "desc": "^C454545FF00000000闭幕雷击时，自身有^C1C8BE5FF0000000020%^C454545FF00000000的概率多发射一枚鱼雷^C454545FF00000000",
        "desc2": "自身在闭幕雷击阶段多发射一枚鱼雷获得经验",
        "tacticsId": 10000874,
        "shipTon": "0",
        "maxLevel": 3,
        "needLevel": "0",
        "needRes": {
            "10441": 6
        },
        "levelExp": [
            100,
            300,
            500
        ]
    },
    {
        "cid": 100009740,
        "title": "效力射",
        "icon": 10000974,
        "type": 1,
        "level": "0",
        "effect": {
            "type": 1,
            "a": 0.02,
            "b": 4
        },
        "desc": "^C454545FF00000000在炮击战阶段，自身对^C1C8BE5FF00000000战列舰^C454545FF00000000造成的伤害增加^C1C8BE5FF000000002%^C454545FF00000000",
        "desc2": "在炮击战阶段对敌方战列舰造成伤害获得经验",
        "tacticsId": 10000974,
        "shipTon": "0",
        "maxLevel": 3,
        "needLevel": "0",
        "needRes": {
            "10241": 3
        },
        "levelExp": [
            100,
            300,
            500
        ]
    },
    {
        "cid": 100009741,
        "title": "效力射",
        "icon": 10000974,
        "type": 1,
        "level": 1,
        "effect": {
            "type": 1,
            "a": 0.04,
            "b": 4
        },
        "desc": "^C454545FF00000000在炮击战阶段，自身对^C1C8BE5FF00000000战列舰^C454545FF00000000造成的伤害增加^C1C8BE5FF000000004%^C454545FF00000000",
        "desc2": "在炮击战阶段对敌方战列舰造成伤害获得经验",
        "tacticsId": 10000974,
        "shipTon": "0",
        "maxLevel": 3,
        "needLevel": "0",
        "needRes": {
            "10241": 5
        },
        "levelExp": [
            100,
            300,
            500
        ]
    },
    {
        "cid": 100009742,
        "title": "效力射",
        "icon": 10000974,
        "type": 1,
        "level": 2,
        "effect": {
            "type": 1,
            "a": 0.06,
            "b": 4
        },
        "desc": "^C454545FF00000000在炮击战阶段，自身对^C1C8BE5FF00000000战列舰^C454545FF00000000造成的伤害增加^C1C8BE5FF000000006%^C454545FF00000000",
        "desc2": "在炮击战阶段对敌方战列舰造成伤害获得经验",
        "tacticsId": 10000974,
        "shipTon": "0",
        "maxLevel": 3,
        "needLevel": "0",
        "needRes": {
            "10241": 7
        },
        "levelExp": [
            100,
            300,
            500
        ]
    },
    {
        "cid": 100009743,
        "title": "效力射",
        "icon": 10000974,
        "type": 1,
        "level": 3,
        "effect": {
            "type": 1,
            "a": 0.08,
            "b": 4
        },
        "desc": "^C454545FF00000000在炮击战阶段，自身对^C1C8BE5FF00000000战列舰^C454545FF00000000造成的伤害增加^C1C8BE5FF000000008%^C454545FF00000000",
        "desc2": "在炮击战阶段对敌方战列舰造成伤害获得经验",
        "tacticsId": 10000974,
        "shipTon": "0",
        "maxLevel": 3,
        "needLevel": "0",
        "needRes": {
            "10241": 10
        },
        "levelExp": [
            100,
            300,
            500
        ]
    },
    {
        "cid": 100010740,
        "title": "数据交互",
        "icon": 10001074,
        "type": 1,
        "level": "0",
        "effect": {
            "type": 7,
            "a": 3,
            "b": 4,
            "e": "atk"
        },
        "desc": "^C454545FF00000000自身位于队伍中时，提高舰队中^C1C8BE5FF00000000战列舰^C454545FF00000000的火力值^C1C8BE5FF000000003点^C454545FF00000000",
        "desc2": "自身位于队伍中时，携带包含战列舰的舰队出战获得经验",
        "tacticsId": 10001074,
        "shipTon": 1,
        "maxLevel": 3,
        "needLevel": "0",
        "needRes": {
            "10241": 3
        },
        "levelExp": [
            100,
            300,
            500
        ]
    },
    {
        "cid": 100010741,
        "title": "数据交互",
        "icon": 10001074,
        "type": 1,
        "level": 1,
        "effect": {
            "type": 7,
            "a": 5,
            "b": 4,
            "e": "atk"
        },
        "desc": "^C454545FF00000000自身位于队伍中时，提高舰队中^C1C8BE5FF00000000战列舰^C454545FF00000000的火力值^C1C8BE5FF000000005点^C454545FF00000000",
        "desc2": "自身位于队伍中时，携带包含战列舰的舰队出战获得经验",
        "tacticsId": 10001074,
        "shipTon": 1,
        "maxLevel": 3,
        "needLevel": "0",
        "needRes": {
            "10241": 5
        },
        "levelExp": [
            100,
            300,
            500
        ]
    },
    {
        "cid": 100010742,
        "title": "数据交互",
        "icon": 10001074,
        "type": 1,
        "level": 2,
        "effect": {
            "type": 7,
            "a": 7,
            "b": 4,
            "e": "atk"
        },
        "desc": "^C454545FF00000000自身位于队伍中时，提高舰队中^C1C8BE5FF00000000战列舰^C454545FF00000000的火力值^C1C8BE5FF000000007点^C454545FF00000000",
        "desc2": "自身位于队伍中时，携带包含战列舰的舰队出战获得经验",
        "tacticsId": 10001074,
        "shipTon": 1,
        "maxLevel": 3,
        "needLevel": "0",
        "needRes": {
            "10241": 7
        },
        "levelExp": [
            100,
            300,
            500
        ]
    },
    {
        "cid": 100010743,
        "title": "数据交互",
        "icon": 10001074,
        "type": 1,
        "level": 3,
        "effect": {
            "type": 7,
            "a": 10,
            "b": 4,
            "e": "atk"
        },
        "desc": "^C454545FF00000000自身位于队伍中时，提高舰队中^C1C8BE5FF00000000战列舰^C454545FF00000000的火力值^C1C8BE5FF0000000010点^C454545FF00000000",
        "desc2": "自身位于队伍中时，携带包含战列舰的舰队出战获得经验",
        "tacticsId": 10001074,
        "shipTon": 1,
        "maxLevel": 3,
        "needLevel": "0",
        "needRes": {
            "10241": 10
        },
        "levelExp": [
            100,
            300,
            500
        ]
    },
    {
        "cid": 100011740,
        "title": "弹跳攻击",
        "icon": 10001174,
        "type": 1,
        "level": "0",
        "effect": {
            "type": 3,
            "a": 0.02,
            "b": 12
        },
        "desc": "^C454545FF00000000在航空战阶段，自身对^C1C8BE5FF00000000驱逐舰^C454545FF00000000造成的伤害增加^C1C8BE5FF000000002%^C454545FF00000000",
        "desc2": "在航空战阶段对敌方驱逐舰造成伤害获得经验",
        "tacticsId": 10001174,
        "shipTon": "0",
        "maxLevel": 3,
        "needLevel": "0",
        "needRes": {
            "10441": 3
        },
        "levelExp": [
            100,
            300,
            500
        ]
    },
    {
        "cid": 100011741,
        "title": "弹跳攻击",
        "icon": 10001174,
        "type": 1,
        "level": 1,
        "effect": {
            "type": 3,
            "a": 0.04,
            "b": 12
        },
        "desc": "^C454545FF00000000在航空战阶段，自身对^C1C8BE5FF00000000驱逐舰^C454545FF00000000造成的伤害增加^C1C8BE5FF000000004%^C454545FF00000000",
        "desc2": "在航空战阶段对敌方驱逐舰造成伤害获得经验",
        "tacticsId": 10001174,
        "shipTon": "0",
        "maxLevel": 3,
        "needLevel": "0",
        "needRes": {
            "10441": 5
        },
        "levelExp": [
            100,
            300,
            500
        ]
    },
    {
        "cid": 100011742,
        "title": "弹跳攻击",
        "icon": 10001174,
        "type": 1,
        "level": 2,
        "effect": {
            "type": 3,
            "a": 0.06,
            "b": 12
        },
        "desc": "^C454545FF00000000在航空战阶段，自身对^C1C8BE5FF00000000驱逐舰^C454545FF00000000造成的伤害增加^C1C8BE5FF000000006%^C454545FF00000000",
        "desc2": "在航空战阶段对敌方驱逐舰造成伤害获得经验",
        "tacticsId": 10001174,
        "shipTon": "0",
        "maxLevel": 3,
        "needLevel": "0",
        "needRes": {
            "10441": 7
        },
        "levelExp": [
            100,
            300,
            500
        ]
    },
    {
        "cid": 100011743,
        "title": "弹跳攻击",
        "icon": 10001174,
        "type": 1,
        "level": 3,
        "effect": {
            "type": 3,
            "a": 0.08,
            "b": 12
        },
        "desc": "^C454545FF00000000在航空战阶段，自身对^C1C8BE5FF00000000驱逐舰^C454545FF00000000造成的伤害增加^C1C8BE5FF000000008%^C454545FF00000000",
        "desc2": "在航空战阶段对敌方驱逐舰造成伤害获得经验",
        "tacticsId": 10001174,
        "shipTon": "0",
        "maxLevel": 3,
        "needLevel": "0",
        "needRes": {
            "10441": 10
        },
        "levelExp": [
            100,
            300,
            500
        ]
    },
    {
        "cid": 100012740,
        "title": "硬化装甲",
        "icon": 10001274,
        "type": 2,
        "level": "0",
        "effect": {
            "type": 4,
            "a": 0.02,
            "b": 6
        },
        "desc": "^C454545FF00000000在炮击战阶段，自身受到^C1C8BE5FF00000000战列巡洋舰^C454545FF00000000的伤害减少^C1C8BE5FF000000002%^C454545FF00000000",
        "desc2": "自身在炮击战阶段承受来自敌方战巡的伤害增加经验",
        "tacticsId": 10001274,
        "shipTon": "0",
        "maxLevel": 3,
        "needLevel": "0",
        "needRes": {
            "10341": 3
        },
        "levelExp": [
            100,
            300,
            500
        ]
    },
    {
        "cid": 100012741,
        "title": "硬化装甲",
        "icon": 10001274,
        "type": 2,
        "level": 1,
        "effect": {
            "type": 4,
            "a": 0.04,
            "b": 6
        },
        "desc": "^C454545FF00000000在炮击战阶段，自身受到^C1C8BE5FF00000000战列巡洋舰^C454545FF00000000的伤害减少^C1C8BE5FF000000004%^C454545FF00000000",
        "desc2": "自身在炮击战阶段承受来自敌方战巡的伤害增加经验",
        "tacticsId": 10001274,
        "shipTon": "0",
        "maxLevel": 3,
        "needLevel": "0",
        "needRes": {
            "10341": 5
        },
        "levelExp": [
            100,
            300,
            500
        ]
    },
    {
        "cid": 100012742,
        "title": "硬化装甲",
        "icon": 10001274,
        "type": 2,
        "level": 2,
        "effect": {
            "type": 4,
            "a": 0.06,
            "b": 6
        },
        "desc": "^C454545FF00000000在炮击战阶段，自身受到^C1C8BE5FF00000000战列巡洋舰^C454545FF00000000的伤害减少^C1C8BE5FF000000006%^C454545FF00000000",
        "desc2": "自身在炮击战阶段承受来自敌方战巡的伤害增加经验",
        "tacticsId": 10001274,
        "shipTon": "0",
        "maxLevel": 3,
        "needLevel": "0",
        "needRes": {
            "10341": 7
        },
        "levelExp": [
            100,
            300,
            500
        ]
    },
    {
        "cid": 100012743,
        "title": "硬化装甲",
        "icon": 10001274,
        "type": 2,
        "level": 3,
        "effect": {
            "type": 4,
            "a": 0.08,
            "b": 6
        },
        "desc": "^C454545FF00000000在炮击战阶段，自身受到^C1C8BE5FF00000000战列巡洋舰^C454545FF00000000的伤害减少^C1C8BE5FF000000008%^C454545FF00000000",
        "desc2": "自身在炮击战阶段承受来自敌方战巡的伤害增加经验",
        "tacticsId": 10001274,
        "shipTon": "0",
        "maxLevel": 3,
        "needLevel": "0",
        "needRes": {
            "10341": 10
        },
        "levelExp": [
            100,
            300,
            500
        ]
    },
    {
        "cid": 100013740,
        "title": "编队援护",
        "icon": 10001374,
        "type": 2,
        "level": "0",
        "effect": {
            "type": 7,
            "a": 3,
            "b": 6,
            "e": "def"
        },
        "desc": "^C454545FF00000000自身位于队伍中时，提高舰队中^C1C8BE5FF00000000战列巡洋舰^C454545FF00000000的装甲值^C1C8BE5FF000000003点^C454545FF00000000",
        "desc2": "自身位于队伍中时，携带包含战列巡洋舰的舰队出战获得经验",
        "tacticsId": 10001374,
        "shipTon": "0",
        "maxLevel": 3,
        "needLevel": "0",
        "needRes": {
            "10341": 3
        },
        "levelExp": [
            100,
            300,
            500
        ]
    },
    {
        "cid": 100013741,
        "title": "编队援护",
        "icon": 10001374,
        "type": 2,
        "level": 1,
        "effect": {
            "type": 7,
            "a": 5,
            "b": 6,
            "e": "def"
        },
        "desc": "^C454545FF00000000自身位于队伍中时，提高舰队中^C1C8BE5FF00000000战列巡洋舰^C454545FF00000000的装甲值^C1C8BE5FF000000005点^C454545FF00000000",
        "desc2": "自身位于队伍中时，携带包含战列巡洋舰的舰队出战获得经验",
        "tacticsId": 10001374,
        "shipTon": "0",
        "maxLevel": 3,
        "needLevel": "0",
        "needRes": {
            "10341": 5
        },
        "levelExp": [
            100,
            300,
            500
        ]
    },
    {
        "cid": 100013742,
        "title": "编队援护",
        "icon": 10001374,
        "type": 2,
        "level": 2,
        "effect": {
            "type": 7,
            "a": 7,
            "b": 6,
            "e": "def"
        },
        "desc": "^C454545FF00000000自身位于队伍中时，提高舰队中^C1C8BE5FF00000000战列巡洋舰^C454545FF00000000的装甲值^C1C8BE5FF000000007点^C454545FF00000000",
        "desc2": "自身位于队伍中时，携带包含战列巡洋舰的舰队出战获得经验",
        "tacticsId": 10001374,
        "shipTon": "0",
        "maxLevel": 3,
        "needLevel": "0",
        "needRes": {
            "10341": 7
        },
        "levelExp": [
            100,
            300,
            500
        ]
    },
    {
        "cid": 100013743,
        "title": "编队援护",
        "icon": 10001374,
        "type": 2,
        "level": 3,
        "effect": {
            "type": 7,
            "a": 10,
            "b": 6,
            "e": "def"
        },
        "desc": "^C454545FF00000000自身位于队伍中时，提高舰队中^C1C8BE5FF00000000战列巡洋舰^C454545FF00000000的装甲值^C1C8BE5FF0000000010点^C454545FF00000000",
        "desc2": "自身位于队伍中时，携带包含战列巡洋舰的舰队出战获得经验",
        "tacticsId": 10001374,
        "shipTon": "0",
        "maxLevel": 3,
        "needLevel": "0",
        "needRes": {
            "10341": 10
        },
        "levelExp": [
            100,
            300,
            500
        ]
    },
    {
        "cid": 100014740,
        "title": "防空弹幕",
        "icon": 10001474,
        "type": 2,
        "level": "0",
        "effect": {
            "type": 6,
            "a": 0.02,
            "b": 1
        },
        "desc": "^C454545FF00000000在航空战阶段，自身受到^C1C8BE5FF00000000航空母舰^C454545FF00000000的伤害减少^C1C8BE5FF000000002%^C454545FF00000000",
        "desc2": "自身在航空战阶段承受来自敌方航母的伤害增加经验",
        "tacticsId": 10001474,
        "shipTon": "0",
        "maxLevel": 3,
        "needLevel": "0",
        "needRes": {
            "10141": 3
        },
        "levelExp": [
            100,
            300,
            500
        ]
    },
    {
        "cid": 100014741,
        "title": "防空弹幕",
        "icon": 10001474,
        "type": 2,
        "level": 1,
        "effect": {
            "type": 6,
            "a": 0.04,
            "b": 1
        },
        "desc": "^C454545FF00000000在航空战阶段，自身受到^C1C8BE5FF00000000航空母舰^C454545FF00000000的伤害减少^C1C8BE5FF000000004%^C454545FF00000000",
        "desc2": "自身在航空战阶段承受来自敌方航母的伤害增加经验",
        "tacticsId": 10001474,
        "shipTon": "0",
        "maxLevel": 3,
        "needLevel": "0",
        "needRes": {
            "10141": 5
        },
        "levelExp": [
            100,
            300,
            500
        ]
    },
    {
        "cid": 100014742,
        "title": "防空弹幕",
        "icon": 10001474,
        "type": 2,
        "level": 2,
        "effect": {
            "type": 6,
            "a": 0.06,
            "b": 1
        },
        "desc": "^C454545FF00000000在航空战阶段，自身受到^C1C8BE5FF00000000航空母舰^C454545FF00000000的伤害减少^C1C8BE5FF000000006%^C454545FF00000000",
        "desc2": "自身在航空战阶段承受来自敌方航母的伤害增加经验",
        "tacticsId": 10001474,
        "shipTon": "0",
        "maxLevel": 3,
        "needLevel": "0",
        "needRes": {
            "10141": 7
        },
        "levelExp": [
            100,
            300,
            500
        ]
    },
    {
        "cid": 100014743,
        "title": "防空弹幕",
        "icon": 10001474,
        "type": 2,
        "level": 3,
        "effect": {
            "type": 6,
            "a": 0.08,
            "b": 1
        },
        "desc": "^C454545FF00000000在航空战阶段，自身受到^C1C8BE5FF00000000航空母舰^C454545FF00000000的伤害减少^C1C8BE5FF000000008%^C454545FF00000000",
        "desc2": "自身在航空战阶段承受来自敌方航母的伤害增加经验",
        "tacticsId": 10001474,
        "shipTon": "0",
        "maxLevel": 3,
        "needLevel": "0",
        "needRes": {
            "10141": 10
        },
        "levelExp": [
            100,
            300,
            500
        ]
    },
    {
        "cid": 100015740,
        "title": "交互射击",
        "icon": 10001574,
        "type": 3,
        "level": "0",
        "effect": {
            "type": 9,
            "a": 0.05
        },
        "desc": "^C454545FF00000000炮击战阶段受到^C1C8BE5FF00000000炮击^C454545FF00000000后，自身有^C1C8BE5FF000000005%^C454545FF00000000概率进行一次反击",
        "desc2": "自身在炮击战阶段发动反击增加经验",
        "tacticsId": 10001574,
        "shipTon": "0",
        "maxLevel": 3,
        "needLevel": "0",
        "needRes": {
            "10241": 3
        },
        "levelExp": [
            100,
            300,
            500
        ]
    },
    {
        "cid": 100015741,
        "title": "交互射击",
        "icon": 10001574,
        "type": 3,
        "level": 1,
        "effect": {
            "type": 9,
            "a": 0.1
        },
        "desc": "^C454545FF00000000炮击战阶段受到^C1C8BE5FF00000000炮击^C454545FF00000000后，自身有^C1C8BE5FF0000000010%^C454545FF00000000概率进行一次反击",
        "desc2": "自身在炮击战阶段发动反击增加经验",
        "tacticsId": 10001574,
        "shipTon": "0",
        "maxLevel": 3,
        "needLevel": "0",
        "needRes": {
            "10241": 5
        },
        "levelExp": [
            100,
            300,
            500
        ]
    },
    {
        "cid": 100015742,
        "title": "交互射击",
        "icon": 10001574,
        "type": 3,
        "level": 2,
        "effect": {
            "type": 9,
            "a": 0.15
        },
        "desc": "^C454545FF00000000炮击战阶段受到^C1C8BE5FF00000000炮击^C454545FF00000000后，自身有^C1C8BE5FF0000000015%^C454545FF00000000概率进行一次反击",
        "desc2": "自身在炮击战阶段发动反击增加经验",
        "tacticsId": 10001574,
        "shipTon": "0",
        "maxLevel": 3,
        "needLevel": "0",
        "needRes": {
            "10241": 7
        },
        "levelExp": [
            100,
            300,
            500
        ]
    },
    {
        "cid": 100015743,
        "title": "交互射击",
        "icon": 10001574,
        "type": 3,
        "level": 3,
        "effect": {
            "type": 9,
            "a": 0.2
        },
        "desc": "^C454545FF00000000炮击战阶段受到^C1C8BE5FF00000000炮击^C454545FF00000000后，自身有^C1C8BE5FF0000000020%^C454545FF00000000概率进行一次反击",
        "desc2": "自身在炮击战阶段发动反击增加经验",
        "tacticsId": 10001574,
        "shipTon": "0",
        "maxLevel": 3,
        "needLevel": "0",
        "needRes": {
            "10241": 10
        },
        "levelExp": [
            100,
            300,
            500
        ]
    },
    {
        "cid": 100016740,
        "title": "硬被帽",
        "icon": 10001674,
        "type": 3,
        "level": "0",
        "effect": {
            "type": 8,
            "a": 0.02,
            "b": 4
        },
        "desc": "^C454545FF00000000自身位于队伍中时，炮击战阶段，我方队伍中的战列舰炮击附带^C1C8BE5FF000000002%^C454545FF00000000护甲穿透效果",
        "desc2": "自身位于队伍中时，携带包含战列舰的舰队出战获得经验",
        "tacticsId": 10001674,
        "shipTon": "0",
        "maxLevel": 3,
        "needLevel": "0",
        "needRes": {
            "10241": 3
        },
        "levelExp": [
            100,
            300,
            500
        ]
    },
    {
        "cid": 100016741,
        "title": "硬被帽",
        "icon": 10001674,
        "type": 3,
        "level": 1,
        "effect": {
            "type": 8,
            "a": 0.05,
            "b": 4
        },
        "desc": "^C454545FF00000000自身位于队伍中时，炮击战阶段，我方队伍中的战列舰炮击附带^C1C8BE5FF000000005%^C454545FF00000000护甲穿透效果",
        "desc2": "自身位于队伍中时，携带包含战列舰的舰队出战获得经验",
        "tacticsId": 10001674,
        "shipTon": "0",
        "maxLevel": 3,
        "needLevel": "0",
        "needRes": {
            "10241": 5
        },
        "levelExp": [
            100,
            300,
            500
        ]
    },
    {
        "cid": 100016742,
        "title": "硬被帽",
        "icon": 10001674,
        "type": 3,
        "level": 2,
        "effect": {
            "type": 8,
            "a": 0.07,
            "b": 4
        },
        "desc": "^C454545FF00000000自身位于队伍中时，炮击战阶段，我方队伍中的战列舰炮击附带^C1C8BE5FF000000007%^C454545FF00000000护甲穿透效果",
        "desc2": "自身位于队伍中时，携带包含战列舰的舰队出战获得经验",
        "tacticsId": 10001674,
        "shipTon": "0",
        "maxLevel": 3,
        "needLevel": "0",
        "needRes": {
            "10241": 7
        },
        "levelExp": [
            100,
            300,
            500
        ]
    },
    {
        "cid": 100016743,
        "title": "硬被帽",
        "icon": 10001674,
        "type": 3,
        "level": 3,
        "effect": {
            "type": 8,
            "a": 0.1,
            "b": 4
        },
        "desc": "^C454545FF00000000自身位于队伍中时，炮击战阶段，我方队伍中的战列舰炮击附带^C1C8BE5FF0000000010%^C454545FF00000000护甲穿透效果",
        "desc2": "自身位于队伍中时，携带包含战列舰的舰队出战获得经验",
        "tacticsId": 10001674,
        "shipTon": "0",
        "maxLevel": 3,
        "needLevel": "0",
        "needRes": {
            "10241": 10
        },
        "levelExp": [
            100,
            300,
            500
        ]
    },
    {
        "cid": 100017740,
        "title": "炮塔后备弹",
        "icon": 10001774,
        "type": 3,
        "level": "0",
        "effect": {
            "type": 12,
            "a": 1
        },
        "desc": "^C454545FF00000000自身携带的弹药量增加^C1C8BE5FF0000000010%^C454545FF00000000",
        "desc2": "对舰船自身进行补给增加经验",
        "tacticsId": 10001774,
        "shipTon": "0",
        "maxLevel": 3,
        "needLevel": "0",
        "needRes": {
            "10341": 3
        },
        "levelExp": [
            100,
            300,
            500
        ]
    },
    {
        "cid": 100017741,
        "title": "炮塔后备弹",
        "icon": 10001774,
        "type": 3,
        "level": 1,
        "effect": {
            "type": 12,
            "a": 1
        },
        "desc": "^C454545FF00000000自身携带的弹药量增加^C1C8BE5FF0000000010%^C454545FF00000000",
        "desc2": "对舰船自身进行补给增加经验",
        "tacticsId": 10001774,
        "shipTon": "0",
        "maxLevel": 3,
        "needLevel": "0",
        "needRes": {
            "10341": 5
        },
        "levelExp": [
            100,
            300,
            500
        ]
    },
    {
        "cid": 100017742,
        "title": "炮塔后备弹",
        "icon": 10001774,
        "type": 3,
        "level": 2,
        "effect": {
            "type": 12,
            "a": 1
        },
        "desc": "^C454545FF00000000自身携带的弹药量增加^C1C8BE5FF0000000010%^C454545FF00000000",
        "desc2": "对舰船自身进行补给增加经验",
        "tacticsId": 10001774,
        "shipTon": "0",
        "maxLevel": 3,
        "needLevel": "0",
        "needRes": {
            "10341": 7
        },
        "levelExp": [
            100,
            300,
            500
        ]
    },
    {
        "cid": 100017743,
        "title": "炮塔后备弹",
        "icon": 10001774,
        "type": 3,
        "level": 3,
        "effect": {
            "type": 12,
            "a": 2
        },
        "desc": "^C454545FF00000000自身携带的弹药量增加^C1C8BE5FF0000000020%^C454545FF00000000",
        "desc2": "对舰船自身进行补给增加经验",
        "tacticsId": 10001774,
        "shipTon": "0",
        "maxLevel": 3,
        "needLevel": "0",
        "needRes": {
            "10341": 10
        },
        "levelExp": [
            100,
            300,
            500
        ]
    },
    {
        "cid": 100018740,
        "title": "穿甲航弹",
        "icon": 10001874,
        "type": 1,
        "level": "0",
        "effect": {
            "type": 3,
            "a": 0.02,
            "b": 4
        },
        "desc": "^C454545FF00000000在航空战阶段，自身对^C1C8BE5FF00000000战列舰^C454545FF00000000造成的伤害增加^C1C8BE5FF000000002%^C454545FF00000000",
        "desc2": "在航空战阶段自身对敌方战列舰造成伤害获得经验",
        "tacticsId": 10001874,
        "shipTon": "0",
        "maxLevel": 3,
        "needLevel": "0",
        "needRes": {
            "10141": 3
        },
        "levelExp": [
            100,
            300,
            500
        ]
    },
    {
        "cid": 100018741,
        "title": "穿甲航弹",
        "icon": 10001874,
        "type": 1,
        "level": 1,
        "effect": {
            "type": 3,
            "a": 0.04,
            "b": 4
        },
        "desc": "^C454545FF00000000在航空战阶段，自身对^C1C8BE5FF00000000战列舰^C454545FF00000000造成的伤害增加^C1C8BE5FF000000004%^C454545FF00000000",
        "desc2": "在航空战阶段自身对敌方战列舰造成伤害获得经验",
        "tacticsId": 10001874,
        "shipTon": "0",
        "maxLevel": 3,
        "needLevel": "0",
        "needRes": {
            "10141": 5
        },
        "levelExp": [
            100,
            300,
            500
        ]
    },
    {
        "cid": 100018742,
        "title": "穿甲航弹",
        "icon": 10001874,
        "type": 1,
        "level": 2,
        "effect": {
            "type": 3,
            "a": 0.06,
            "b": 4
        },
        "desc": "^C454545FF00000000在航空战阶段，自身对^C1C8BE5FF00000000战列舰^C454545FF00000000造成的伤害增加^C1C8BE5FF000000006%^C454545FF00000000",
        "desc2": "在航空战阶段自身对敌方战列舰造成伤害获得经验",
        "tacticsId": 10001874,
        "shipTon": "0",
        "maxLevel": 3,
        "needLevel": "0",
        "needRes": {
            "10141": 7
        },
        "levelExp": [
            100,
            300,
            500
        ]
    },
    {
        "cid": 100018743,
        "title": "穿甲航弹",
        "icon": 10001874,
        "type": 1,
        "level": 3,
        "effect": {
            "type": 3,
            "a": 0.08,
            "b": 4
        },
        "desc": "^C454545FF00000000在航空战阶段，自身对^C1C8BE5FF00000000战列舰^C454545FF00000000造成的伤害增加^C1C8BE5FF000000008%^C454545FF00000000",
        "desc2": "在航空战阶段自身对敌方战列舰造成伤害获得经验",
        "tacticsId": 10001874,
        "shipTon": "0",
        "maxLevel": 3,
        "needLevel": "0",
        "needRes": {
            "10141": 10
        },
        "levelExp": [
            100,
            300,
            500
        ]
    },
    {
        "cid": 100019740,
        "title": "全甲板突击",
        "icon": 10001974,
        "type": 1,
        "level": "0",
        "effect": {
            "type": 7,
            "a": 3,
            "b": 1,
            "e": "atk"
        },
        "desc": "^C454545FF00000000自身位于队伍中时，提高舰队中^C1C8BE5FF00000000航空母舰^C454545FF00000000的火力值^C1C8BE5FF000000003点^C454545FF00000000",
        "desc2": "自身位于队伍中时，携带包含航空母舰的舰队出战获得经验",
        "tacticsId": 10001974,
        "shipTon": 1,
        "maxLevel": 3,
        "needLevel": "0",
        "needRes": {
            "10441": 3
        },
        "levelExp": [
            100,
            300,
            500
        ]
    },
    {
        "cid": 100019741,
        "title": "全甲板突击",
        "icon": 10001974,
        "type": 1,
        "level": 1,
        "effect": {
            "type": 7,
            "a": 5,
            "b": 1,
            "e": "atk"
        },
        "desc": "^C454545FF00000000自身位于队伍中时，提高舰队中^C1C8BE5FF00000000航空母舰^C454545FF00000000的火力值^C1C8BE5FF000000005点^C454545FF00000000",
        "desc2": "自身位于队伍中时，携带包含航空母舰的舰队出战获得经验",
        "tacticsId": 10001974,
        "shipTon": 1,
        "maxLevel": 3,
        "needLevel": "0",
        "needRes": {
            "10441": 5
        },
        "levelExp": [
            100,
            300,
            500
        ]
    },
    {
        "cid": 100019742,
        "title": "全甲板突击",
        "icon": 10001974,
        "type": 1,
        "level": 2,
        "effect": {
            "type": 7,
            "a": 7,
            "b": 1,
            "e": "atk"
        },
        "desc": "^C454545FF00000000自身位于队伍中时，提高舰队中^C1C8BE5FF00000000航空母舰^C454545FF00000000的火力值^C1C8BE5FF000000007点^C454545FF00000000",
        "desc2": "自身位于队伍中时，携带包含航空母舰的舰队出战获得经验",
        "tacticsId": 10001974,
        "shipTon": 1,
        "maxLevel": 3,
        "needLevel": "0",
        "needRes": {
            "10441": 7
        },
        "levelExp": [
            100,
            300,
            500
        ]
    },
    {
        "cid": 100019743,
        "title": "全甲板突击",
        "icon": 10001974,
        "type": 1,
        "level": 3,
        "effect": {
            "type": 7,
            "a": 10,
            "b": 1,
            "e": "atk"
        },
        "desc": "^C454545FF00000000自身位于队伍中时，提高舰队中^C1C8BE5FF00000000航空母舰^C454545FF00000000的火力值^C1C8BE5FF0000000010点^C454545FF00000000",
        "desc2": "自身位于队伍中时，携带包含航空母舰的舰队出战获得经验",
        "tacticsId": 10001974,
        "shipTon": 1,
        "maxLevel": 3,
        "needLevel": "0",
        "needRes": {
            "10441": 10
        },
        "levelExp": [
            100,
            300,
            500
        ]
    },
    {
        "cid": 100020740,
        "title": "穿甲榴弹",
        "icon": 10002074,
        "type": 1,
        "level": "0",
        "effect": {
            "type": 1,
            "a": 0.02,
            "b": 6
        },
        "desc": "^C454545FF00000000在炮击战阶段，自身对^C1C8BE5FF00000000战列巡洋舰^C454545FF00000000造成的伤害增加^C1C8BE5FF000000002%^C454545FF00000000",
        "desc2": "在炮击战阶段自身对敌方战列巡洋舰造成伤害获得经验",
        "tacticsId": 10002074,
        "shipTon": "0",
        "maxLevel": 3,
        "needLevel": "0",
        "needRes": {
            "10241": 3
        },
        "levelExp": [
            100,
            300,
            500
        ]
    },
    {
        "cid": 100020741,
        "title": "穿甲榴弹",
        "icon": 10002074,
        "type": 1,
        "level": 1,
        "effect": {
            "type": 1,
            "a": 0.04,
            "b": 6
        },
        "desc": "^C454545FF00000000在炮击战阶段，自身对^C1C8BE5FF00000000战列巡洋舰^C454545FF00000000造成的伤害增加^C1C8BE5FF000000004%^C454545FF00000000",
        "desc2": "在炮击战阶段自身对敌方战列巡洋舰造成伤害获得经验",
        "tacticsId": 10002074,
        "shipTon": "0",
        "maxLevel": 3,
        "needLevel": "0",
        "needRes": {
            "10241": 5
        },
        "levelExp": [
            100,
            300,
            500
        ]
    },
    {
        "cid": 100020742,
        "title": "穿甲榴弹",
        "icon": 10002074,
        "type": 1,
        "level": 2,
        "effect": {
            "type": 1,
            "a": 0.06,
            "b": 6
        },
        "desc": "^C454545FF00000000在炮击战阶段，自身对^C1C8BE5FF00000000战列巡洋舰^C454545FF00000000造成的伤害增加^C1C8BE5FF000000006%^C454545FF00000000",
        "desc2": "在炮击战阶段自身对敌方战列巡洋舰造成伤害获得经验",
        "tacticsId": 10002074,
        "shipTon": "0",
        "maxLevel": 3,
        "needLevel": "0",
        "needRes": {
            "10241": 7
        },
        "levelExp": [
            100,
            300,
            500
        ]
    },
    {
        "cid": 100020743,
        "title": "穿甲榴弹",
        "icon": 10002074,
        "type": 1,
        "level": 3,
        "effect": {
            "type": 1,
            "a": 0.08,
            "b": 6
        },
        "desc": "^C454545FF00000000在炮击战阶段，自身对^C1C8BE5FF00000000战列巡洋舰^C454545FF00000000造成的伤害增加^C1C8BE5FF000000008%^C454545FF00000000",
        "desc2": "在炮击战阶段自身对敌方战列巡洋舰造成伤害获得经验",
        "tacticsId": 10002074,
        "shipTon": "0",
        "maxLevel": 3,
        "needLevel": "0",
        "needRes": {
            "10241": 10
        },
        "levelExp": [
            100,
            300,
            500
        ]
    },
    {
        "cid": 100021740,
        "title": "探照灯警戒",
        "icon": 10002174,
        "type": 2,
        "level": "0",
        "effect": {
            "type": 14,
            "a": 0.02,
            "b": 7
        },
        "desc": "^C454545FF00000000在夜战阶段，自身受到^C1C8BE5FF00000000重型巡洋舰^C454545FF00000000的伤害减少^C1C8BE5FF000000002%^C454545FF00000000",
        "desc2": "自身在夜战阶段承受来自敌方重型巡洋舰的伤害增加经验",
        "tacticsId": 10002174,
        "shipTon": "0",
        "maxLevel": 3,
        "needLevel": "0",
        "needRes": {
            "10341": 3
        },
        "levelExp": [
            100,
            300,
            500
        ]
    },
    {
        "cid": 100021741,
        "title": "探照灯警戒",
        "icon": 10002174,
        "type": 2,
        "level": 1,
        "effect": {
            "type": 14,
            "a": 0.04,
            "b": 7
        },
        "desc": "^C454545FF00000000在夜战阶段，自身受到^C1C8BE5FF00000000重型巡洋舰^C454545FF00000000的伤害减少^C1C8BE5FF000000004%^C454545FF00000000",
        "desc2": "自身在夜战阶段承受来自敌方重型巡洋舰的伤害增加经验",
        "tacticsId": 10002174,
        "shipTon": "0",
        "maxLevel": 3,
        "needLevel": "0",
        "needRes": {
            "10341": 5
        },
        "levelExp": [
            100,
            300,
            500
        ]
    },
    {
        "cid": 100021742,
        "title": "探照灯警戒",
        "icon": 10002174,
        "type": 2,
        "level": 2,
        "effect": {
            "type": 14,
            "a": 0.06,
            "b": 7
        },
        "desc": "^C454545FF00000000在夜战阶段，自身受到^C1C8BE5FF00000000重型巡洋舰^C454545FF00000000的伤害减少^C1C8BE5FF000000006%^C454545FF00000000",
        "desc2": "自身在夜战阶段承受来自敌方重型巡洋舰的伤害增加经验",
        "tacticsId": 10002174,
        "shipTon": "0",
        "maxLevel": 3,
        "needLevel": "0",
        "needRes": {
            "10341": 7
        },
        "levelExp": [
            100,
            300,
            500
        ]
    },
    {
        "cid": 100021743,
        "title": "探照灯警戒",
        "icon": 10002174,
        "type": 2,
        "level": 3,
        "effect": {
            "type": 14,
            "a": 0.08,
            "b": 7
        },
        "desc": "^C454545FF00000000在夜战阶段，自身受到^C1C8BE5FF00000000重型巡洋舰^C454545FF00000000的伤害减少^C1C8BE5FF000000008%^C454545FF00000000",
        "desc2": "自身在夜战阶段承受来自敌方重型巡洋舰的伤害增加经验",
        "tacticsId": 10002174,
        "shipTon": "0",
        "maxLevel": 3,
        "needLevel": "0",
        "needRes": {
            "10341": 10
        },
        "levelExp": [
            100,
            300,
            500
        ]
    },
    {
        "cid": 100022740,
        "title": "护航援护",
        "icon": 10002274,
        "type": 2,
        "level": "0",
        "effect": {
            "type": 7,
            "a": 3,
            "b": 4,
            "e": "def"
        },
        "desc": "^C454545FF00000000自身位于队伍中时，提高舰队中^C1C8BE5FF00000000战列舰^C454545FF00000000的^C1C8BE5FF00000000装甲值3点^C454545FF00000000",
        "desc2": "自身位于队伍中时，携带包含战列舰的舰队出战获得经验",
        "tacticsId": 10002274,
        "shipTon": 1,
        "maxLevel": 3,
        "needLevel": "0",
        "needRes": {
            "10441": 3
        },
        "levelExp": [
            100,
            300,
            500
        ]
    },
    {
        "cid": 100022741,
        "title": "护航援护",
        "icon": 10002274,
        "type": 2,
        "level": 1,
        "effect": {
            "type": 7,
            "a": 5,
            "b": 4,
            "e": "def"
        },
        "desc": "^C454545FF00000000自身位于队伍中时，提高舰队中^C1C8BE5FF00000000战列舰^C454545FF00000000的^C1C8BE5FF00000000装甲值5点^C454545FF00000000",
        "desc2": "自身位于队伍中时，携带包含战列舰的舰队出战获得经验",
        "tacticsId": 10002274,
        "shipTon": 1,
        "maxLevel": 3,
        "needLevel": "0",
        "needRes": {
            "10441": 5
        },
        "levelExp": [
            100,
            300,
            500
        ]
    },
    {
        "cid": 100022742,
        "title": "护航援护",
        "icon": 10002274,
        "type": 2,
        "level": 2,
        "effect": {
            "type": 7,
            "a": 7,
            "b": 4,
            "e": "def"
        },
        "desc": "^C454545FF00000000自身位于队伍中时，提高舰队中^C1C8BE5FF00000000战列舰^C454545FF00000000的^C1C8BE5FF00000000装甲值7点^C454545FF00000000",
        "desc2": "自身位于队伍中时，携带包含战列舰的舰队出战获得经验",
        "tacticsId": 10002274,
        "shipTon": 1,
        "maxLevel": 3,
        "needLevel": "0",
        "needRes": {
            "10441": 7
        },
        "levelExp": [
            100,
            300,
            500
        ]
    },
    {
        "cid": 100022743,
        "title": "护航援护",
        "icon": 10002274,
        "type": 2,
        "level": 3,
        "effect": {
            "type": 7,
            "a": 10,
            "b": 4,
            "e": "def"
        },
        "desc": "^C454545FF00000000自身位于队伍中时，提高舰队中^C1C8BE5FF00000000战列舰^C454545FF00000000的^C1C8BE5FF00000000装甲值10点^C454545FF00000000",
        "desc2": "自身位于队伍中时，携带包含战列舰的舰队出战获得经验",
        "tacticsId": 10002274,
        "shipTon": 1,
        "maxLevel": 3,
        "needLevel": "0",
        "needRes": {
            "10441": 10
        },
        "levelExp": [
            100,
            300,
            500
        ]
    },
    {
        "cid": 100023740,
        "title": "装甲甲板",
        "icon": 10002374,
        "type": 2,
        "level": "0",
        "effect": {
            "type": 6,
            "a": 0.02,
            "b": 2
        },
        "desc": "^C454545FF00000000在航空战阶段，自身受到^C1C8BE5FF00000000轻型航空母舰^C454545FF00000000的伤害减少^C1C8BE5FF000000002%^C454545FF00000000",
        "desc2": "在航空战阶段自身承受来自敌方轻型航母的伤害增加经验",
        "tacticsId": 10002374,
        "shipTon": "0",
        "maxLevel": 3,
        "needLevel": "0",
        "needRes": {
            "10141": 3
        },
        "levelExp": [
            100,
            300,
            500
        ]
    },
    {
        "cid": 100023741,
        "title": "装甲甲板",
        "icon": 10002374,
        "type": 2,
        "level": 1,
        "effect": {
            "type": 6,
            "a": 0.04,
            "b": 2
        },
        "desc": "^C454545FF00000000在航空战阶段，自身受到^C1C8BE5FF00000000轻型航空母舰^C454545FF00000000的伤害减少^C1C8BE5FF000000004%^C454545FF00000000",
        "desc2": "在航空战阶段自身承受来自敌方轻型航母的伤害增加经验",
        "tacticsId": 10002374,
        "shipTon": "0",
        "maxLevel": 3,
        "needLevel": "0",
        "needRes": {
            "10141": 5
        },
        "levelExp": [
            100,
            300,
            500
        ]
    },
    {
        "cid": 100023742,
        "title": "装甲甲板",
        "icon": 10002374,
        "type": 2,
        "level": 2,
        "effect": {
            "type": 6,
            "a": 0.06,
            "b": 2
        },
        "desc": "^C454545FF00000000在航空战阶段，自身受到^C1C8BE5FF00000000轻型航空母舰^C454545FF00000000的伤害减少^C1C8BE5FF000000006%^C454545FF00000000",
        "desc2": "在航空战阶段自身承受来自敌方轻型航母的伤害增加经验",
        "tacticsId": 10002374,
        "shipTon": "0",
        "maxLevel": 3,
        "needLevel": "0",
        "needRes": {
            "10141": 7
        },
        "levelExp": [
            100,
            300,
            500
        ]
    },
    {
        "cid": 100023743,
        "title": "装甲甲板",
        "icon": 10002374,
        "type": 2,
        "level": 3,
        "effect": {
            "type": 6,
            "a": 0.08,
            "b": 2
        },
        "desc": "^C454545FF00000000在航空战阶段，自身受到^C1C8BE5FF00000000轻型航空母舰^C454545FF00000000的伤害减少^C1C8BE5FF000000008%^C454545FF00000000",
        "desc2": "在航空战阶段自身承受来自敌方轻型航母的伤害增加经验",
        "tacticsId": 10002374,
        "shipTon": "0",
        "maxLevel": 3,
        "needLevel": "0",
        "needRes": {
            "10141": 10
        },
        "levelExp": [
            100,
            300,
            500
        ]
    },
    {
        "cid": 100024740,
        "title": "改良被帽弹",
        "icon": 10002474,
        "type": 3,
        "level": "0",
        "effect": {
            "type": 8,
            "a": 0.02,
            "b": 6
        },
        "desc": "^C454545FF00000000自身位于队伍中时，炮击战阶段，我方队伍中的战列巡洋舰炮击附带^C1C8BE5FF000000002%^C454545FF00000000护甲穿透效果",
        "desc2": "自身位于队伍中时，携带包含战列巡洋舰的舰队出战获得经验",
        "tacticsId": 10002474,
        "shipTon": "0",
        "maxLevel": 3,
        "needLevel": "0",
        "needRes": {
            "10241": 3
        },
        "levelExp": [
            100,
            300,
            500
        ]
    },
    {
        "cid": 100024741,
        "title": "改良被帽弹",
        "icon": 10002474,
        "type": 3,
        "level": 1,
        "effect": {
            "type": 8,
            "a": 0.05,
            "b": 6
        },
        "desc": "^C454545FF00000000自身位于队伍中时，炮击战阶段，我方队伍中的战列巡洋舰炮击附带^C1C8BE5FF000000005%^C454545FF00000000护甲穿透效果",
        "desc2": "自身位于队伍中时，携带包含战列巡洋舰的舰队出战获得经验",
        "tacticsId": 10002474,
        "shipTon": "0",
        "maxLevel": 3,
        "needLevel": "0",
        "needRes": {
            "10241": 5
        },
        "levelExp": [
            100,
            300,
            500
        ]
    },
    {
        "cid": 100024742,
        "title": "改良被帽弹",
        "icon": 10002474,
        "type": 3,
        "level": 2,
        "effect": {
            "type": 8,
            "a": 0.07,
            "b": 6
        },
        "desc": "^C454545FF00000000自身位于队伍中时，炮击战阶段，我方队伍中的战列巡洋舰炮击附带^C1C8BE5FF000000007%^C454545FF00000000护甲穿透效果",
        "desc2": "自身位于队伍中时，携带包含战列巡洋舰的舰队出战获得经验",
        "tacticsId": 10002474,
        "shipTon": "0",
        "maxLevel": 3,
        "needLevel": "0",
        "needRes": {
            "10241": 7
        },
        "levelExp": [
            100,
            300,
            500
        ]
    },
    {
        "cid": 100024743,
        "title": "改良被帽弹",
        "icon": 10002474,
        "type": 3,
        "level": 3,
        "effect": {
            "type": 8,
            "a": 0.1,
            "b": 6
        },
        "desc": "^C454545FF00000000自身位于队伍中时，炮击战阶段，我方队伍中的战列巡洋舰炮击附带^C1C8BE5FF0000000010%^C454545FF00000000护甲穿透效果",
        "desc2": "自身位于队伍中时，携带包含战列巡洋舰的舰队出战获得经验",
        "tacticsId": 10002474,
        "shipTon": "0",
        "maxLevel": 3,
        "needLevel": "0",
        "needRes": {
            "10241": 10
        },
        "levelExp": [
            100,
            300,
            500
        ]
    },
    {
        "cid": 100025740,
        "title": "照明弹校正",
        "icon": 10002574,
        "type": 3,
        "level": "0",
        "effect": {
            "type": 15,
            "a": 2
        },
        "desc": "^C454545FF00000000在夜战阶段，提高自身命中^C1C8BE5FF000000002^C454545FF00000000",
        "desc2": "自身出征获得经验",
        "tacticsId": 10002574,
        "shipTon": "0",
        "maxLevel": 3,
        "needLevel": "0",
        "needRes": {
            "10341": 3
        },
        "levelExp": [
            100,
            300,
            500
        ]
    },
    {
        "cid": 100025741,
        "title": "照明弹校正",
        "icon": 10002574,
        "type": 3,
        "level": 1,
        "effect": {
            "type": 15,
            "a": 4
        },
        "desc": "^C454545FF00000000在夜战阶段，提高自身命中^C1C8BE5FF000000004^C454545FF00000000",
        "desc2": "自身出征获得经验",
        "tacticsId": 10002574,
        "shipTon": "0",
        "maxLevel": 3,
        "needLevel": "0",
        "needRes": {
            "10341": 5
        },
        "levelExp": [
            100,
            300,
            500
        ]
    },
    {
        "cid": 100025742,
        "title": "照明弹校正",
        "icon": 10002574,
        "type": 3,
        "level": 2,
        "effect": {
            "type": 15,
            "a": 6
        },
        "desc": "^C454545FF00000000在夜战阶段，提高自身命中^C1C8BE5FF000000006^C454545FF00000000",
        "desc2": "自身出征获得经验",
        "tacticsId": 10002574,
        "shipTon": "0",
        "maxLevel": 3,
        "needLevel": "0",
        "needRes": {
            "10341": 7
        },
        "levelExp": [
            100,
            300,
            500
        ]
    },
    {
        "cid": 100025743,
        "title": "照明弹校正",
        "icon": 10002574,
        "type": 3,
        "level": 3,
        "effect": {
            "type": 15,
            "a": 8
        },
        "desc": "^C454545FF00000000在夜战阶段，提高自身命中^C1C8BE5FF000000008^C454545FF00000000",
        "desc2": "自身出征获得经验",
        "tacticsId": 10002574,
        "shipTon": "0",
        "maxLevel": 3,
        "needLevel": "0",
        "needRes": {
            "10341": 10
        },
        "levelExp": [
            100,
            300,
            500
        ]
    },
    {
        "cid": 100026740,
        "title": "对空预警",
        "icon": 10002674,
        "type": 3,
        "level": "0",
        "effect": {
            "type": 16,
            "a": 0.05
        },
        "desc": "^C454545FF00000000航空战阶段自身受到^C1C8BE5FF00000000轰炸^C454545FF00000000时，有^C1C8BE5FF000000005%^C454545FF00000000的概率免疫该次攻击^C454545FF00000000",
        "desc2": "在航空战阶段自身免疫一次攻击获得经验",
        "tacticsId": 10002674,
        "shipTon": "0",
        "maxLevel": 3,
        "needLevel": "0",
        "needRes": {
            "10241": 6
        },
        "levelExp": [
            100,
            300,
            500
        ]
    },
    {
        "cid": 100026741,
        "title": "对空预警",
        "icon": 10002674,
        "type": 3,
        "level": 1,
        "effect": {
            "type": 16,
            "a": 0.1
        },
        "desc": "^C454545FF00000000航空战阶段自身受到^C1C8BE5FF00000000轰炸^C454545FF00000000时，有^C1C8BE5FF0000000010%^C454545FF00000000的概率免疫该次攻击^C454545FF00000000",
        "desc2": "在航空战阶段自身免疫一次攻击获得经验",
        "tacticsId": 10002674,
        "shipTon": "0",
        "maxLevel": 3,
        "needLevel": "0",
        "needRes": {
            "10241": 6
        },
        "levelExp": [
            100,
            300,
            500
        ]
    },
    {
        "cid": 100026742,
        "title": "对空预警",
        "icon": 10002674,
        "type": 3,
        "level": 2,
        "effect": {
            "type": 16,
            "a": 0.15
        },
        "desc": "^C454545FF00000000航空战阶段自身受到^C1C8BE5FF00000000轰炸^C454545FF00000000时，有^C1C8BE5FF0000000015%^C454545FF00000000的概率免疫该次攻击^C454545FF00000000",
        "desc2": "在航空战阶段自身免疫一次攻击获得经验",
        "tacticsId": 10002674,
        "shipTon": "0",
        "maxLevel": 3,
        "needLevel": "0",
        "needRes": {
            "10241": 6
        },
        "levelExp": [
            100,
            300,
            500
        ]
    },
    {
        "cid": 100026743,
        "title": "对空预警",
        "icon": 10002674,
        "type": 3,
        "level": 3,
        "effect": {
            "type": 16,
            "a": 0.2
        },
        "desc": "^C454545FF00000000航空战阶段自身受到^C1C8BE5FF00000000轰炸^C454545FF00000000时，有^C1C8BE5FF0000000020%^C454545FF00000000的概率免疫该次攻击^C454545FF00000000",
        "desc2": "在航空战阶段自身免疫一次攻击获得经验",
        "tacticsId": 10002674,
        "shipTon": "0",
        "maxLevel": 3,
        "needLevel": "0",
        "needRes": {
            "10241": 6
        },
        "levelExp": [
            100,
            300,
            500
        ]
    }
]