[
    {
        "cid": 10000161,
        "title": "新头像",
        "sort": 1,
        "icon": 1,
        "isAnimation": "0",
        "getType": "0",
        "getCondtion": [],
        "getDesc": "^C454545FF00000000并没有说明"
    },
    {
        "cid": 10000261,
        "title": "新头像",
        "sort": 2,
        "icon": 2,
        "isAnimation": "0",
        "getType": "0",
        "getCondtion": [],
        "getDesc": "^C454545FF00000000并没有说明"
    },
    {
        "cid": 10000361,
        "title": "新头像",
        "sort": 3,
        "icon": 3,
        "isAnimation": "0",
        "getType": "0",
        "getCondtion": [],
        "getDesc": "^C454545FF00000000并没有说明"
    },
    {
        "cid": 10000461,
        "title": "新头像",
        "sort": 4,
        "icon": 4,
        "isAnimation": "0",
        "getType": "0",
        "getCondtion": [],
        "getDesc": "^C454545FF00000000并没有说明"
    },
    {
        "cid": 10000561,
        "title": "新头像",
        "sort": 5,
        "icon": 5,
        "isAnimation": "0",
        "getType": "0",
        "getCondtion": [],
        "getDesc": "^C454545FF00000000并没有说明"
    },
    {
        "cid": 10000661,
        "title": "新头像",
        "sort": 6,
        "icon": 6,
        "isAnimation": "0",
        "getType": "0",
        "getCondtion": [],
        "getDesc": "^C454545FF00000000并没有说明"
    },
    {
        "cid": 10000761,
        "title": "新头像",
        "sort": 7,
        "icon": 7,
        "isAnimation": 1,
        "getType": "0",
        "getCondtion": [],
        "getDesc": "^C454545FF00000000并没有说明"
    },
    {
        "cid": 10000861,
        "title": "新头像",
        "sort": 8,
        "icon": 8,
        "isAnimation": "0",
        "getType": "0",
        "getCondtion": [],
        "getDesc": "^C454545FF00000000并没有说明"
    },
    {
        "cid": 10000961,
        "title": "新头像",
        "sort": 9,
        "icon": 9,
        "isAnimation": "0",
        "getType": "0",
        "getCondtion": [],
        "getDesc": "^C454545FF00000000并没有说明"
    },
    {
        "cid": 10001061,
        "title": "新头像",
        "sort": 10,
        "icon": 10,
        "isAnimation": "0",
        "getType": "0",
        "getCondtion": [],
        "getDesc": "^C454545FF00000000并没有说明"
    },
    {
        "cid": 10001161,
        "title": "新头像",
        "sort": 11,
        "icon": 11,
        "isAnimation": "0",
        "getType": "0",
        "getCondtion": [],
        "getDesc": "^C454545FF00000000并没有说明"
    },
    {
        "cid": 10001261,
        "title": "新头像",
        "sort": 12,
        "icon": 12,
        "isAnimation": "0",
        "getType": "0",
        "getCondtion": [],
        "getDesc": "^C454545FF00000000并没有说明"
    },
    {
        "cid": 10001361,
        "title": "新头像",
        "sort": 13,
        "icon": 19,
        "isAnimation": "0",
        "getType": 2,
        "getCondtion": [],
        "getDesc": "^C454545FF00000000完成任务“豪华皇家游艇”获得"
    },
    {
        "cid": 10001461,
        "title": "新头像",
        "sort": 14,
        "icon": 20,
        "isAnimation": "0",
        "getType": 2,
        "getCondtion": [],
        "getDesc": "^C454545FF00000000完成任务“破交作战”获得"
    },
    {
        "cid": 10001561,
        "title": "新头像",
        "sort": 15,
        "icon": 23,
        "isAnimation": "0",
        "getType": 2,
        "getCondtion": [],
        "getDesc": "^C454545FF00000000完成“女武神行动”困难难度获得"
    },
    {
        "cid": 10001661,
        "title": "新头像",
        "sort": 16,
        "icon": 17,
        "isAnimation": "0",
        "getType": 2,
        "getCondtion": [],
        "getDesc": "^C454545FF00000000账号自注册起满365日，可通过邮件获得。"
    },
    {
        "cid": 10001761,
        "title": "新头像",
        "sort": 17,
        "icon": 24,
        "isAnimation": "0",
        "getType": 2,
        "getCondtion": [],
        "getDesc": "^C454545FF00000000通过两周年纪念关卡第四关"
    },
    {
        "cid": 10001861,
        "title": "新头像",
        "sort": 18,
        "icon": 18,
        "isAnimation": 1,
        "getType": 2,
        "getCondtion": [],
        "getDesc": "^C454545FF00000000纳尔逊胜利换装附赠头像"
    },
    {
        "cid": 10001961,
        "title": "新头像",
        "sort": 19,
        "icon": 25,
        "isAnimation": "0",
        "getType": "0",
        "getCondtion": [],
        "getDesc": "^C454545FF00000000并没有说明"
    },
    {
        "cid": 10002061,
        "title": "新头像",
        "sort": 20,
        "icon": 26,
        "isAnimation": "0",
        "getType": "0",
        "getCondtion": [],
        "getDesc": "^C454545FF00000000并没有说明"
    },
    {
        "cid": 10002461,
        "title": "新头像",
        "sort": 24,
        "icon": 27,
        "isAnimation": "0",
        "getType": 2,
        "getCondtion": [],
        "getDesc": "^C454545FF00000000完成“小岛撤离作战”获得"
    },
    {
        "cid": 10002561,
        "title": "新头像",
        "sort": 25,
        "icon": 28,
        "isAnimation": "0",
        "getType": 2,
        "getCondtion": [],
        "getDesc": "^C454545FF00000000完成“轰隆轰隆超级大作战”获得"
    },
    {
        "cid": 10002661,
        "title": "新头像",
        "sort": 26,
        "icon": 29,
        "isAnimation": "0",
        "getType": 2,
        "getCondtion": [],
        "getDesc": "^C454545FF00000000完成“英雄城保卫战”获得"
    },
    {
        "cid": 10002761,
        "title": "新头像",
        "sort": 27,
        "icon": 30,
        "isAnimation": 1,
        "getType": 2,
        "getCondtion": [],
        "getDesc": "^C454545FF00000000完成“决战无畏之海”困难难度获得"
    },
    {
        "cid": 10002861,
        "title": "新头像",
        "sort": 28,
        "icon": 31,
        "isAnimation": 1,
        "getType": 2,
        "getCondtion": [],
        "getDesc": "^C454545FF00000000完成“铁底湾珍品保卫战”困难难度获得"
    },
    {
        "cid": 10002961,
        "title": "新头像",
        "sort": 29,
        "icon": 32,
        "isAnimation": "0",
        "getType": 2,
        "getCondtion": [],
        "getDesc": "^C454545FF00000000完成 三周年活动困难难度获得"
    },
    {
        "cid": 10003061,
        "title": "新头像",
        "sort": 30,
        "icon": 33,
        "isAnimation": "0",
        "getType": 2,
        "getCondtion": [],
        "getDesc": "^C454545FF00000000完成 急速东方快车困难难度获得"
    },
    {
        "cid": 10003161,
        "title": "新头像",
        "sort": 31,
        "icon": 34,
        "isAnimation": "0",
        "getType": 2,
        "getCondtion": [],
        "getDesc": "^C454545FF00000000通过 立体强袭1000分奖励获得"
    },
    {
        "cid": 10003261,
        "title": "新头像",
        "sort": 32,
        "icon": 35,
        "isAnimation": "0",
        "getType": 2,
        "getCondtion": [],
        "getDesc": "^C454545FF00000000完成“所罗门之晓”困难难度获得"
    },
    {
        "cid": 10003361,
        "title": "新头像",
        "sort": 33,
        "icon": 36,
        "isAnimation": 1,
        "getType": 2,
        "getCondtion": [],
        "getDesc": "^C454545FF00000000通过 立体强袭:圣盾作战1400分奖励获得"
    },
    {
        "cid": 10003461,
        "title": "新头像",
        "sort": 34,
        "icon": 37,
        "isAnimation": "0",
        "getType": 2,
        "getCondtion": [],
        "getDesc": "^C454545FF00000000通过“幻想舰队歼灭作战”困难难度获得"
    },
    {
        "cid": 10003561,
        "title": "新头像",
        "sort": 35,
        "icon": 38,
        "isAnimation": 2,
        "getType": 2,
        "getCondtion": [],
        "getDesc": "^C454545FF00000000完成 “钢铁启示录”困难难度获得"
    },
    {
        "cid": 10003661,
        "title": "新头像",
        "sort": 36,
        "icon": 39,
        "isAnimation": "0",
        "getType": 2,
        "getCondtion": [],
        "getDesc": "^C454545FF00000000通过 立体强袭:决战九段坂1200分奖励获得"
    },
    {
        "cid": 10003761,
        "title": "新头像",
        "sort": 37,
        "icon": 40,
        "isAnimation": "0",
        "getType": 2,
        "getCondtion": [],
        "getDesc": "^C454545FF00000000通过“地狱群岛攻略作战”困难难度获得"
    },
    {
        "cid": 10003861,
        "title": "新头像",
        "sort": 38,
        "icon": 41,
        "isAnimation": "0",
        "getType": 2,
        "getCondtion": [],
        "getDesc": "^C454545FF00000000完成 “跨越静海”困难难度获得"
    },
    {
        "cid": 10003961,
        "title": "新头像",
        "sort": 39,
        "icon": 42,
        "isAnimation": "0",
        "getType": 2,
        "getCondtion": [],
        "getDesc": "^C454545FF00000000完成 “熔炉大混战”困难难度获得"
    },
    {
        "cid": 10004061,
        "title": "新头像",
        "sort": 40,
        "icon": 43,
        "isAnimation": "0",
        "getType": 2,
        "getCondtion": [],
        "getDesc": "^C454545FF00000000完成 “帕斯塔战役”困难难度获得"
    },
    {
        "cid": 10004161,
        "title": "新头像",
        "sort": 41,
        "icon": 44,
        "isAnimation": "0",
        "getType": 2,
        "getCondtion": [],
        "getDesc": "^C454545FF00000000通过 立体强袭:沸腾的大洋1100分奖励获得"
    },
    {
        "cid": 10004261,
        "title": "新头像",
        "sort": 42,
        "icon": 45,
        "isAnimation": "0",
        "getType": 2,
        "getCondtion": [],
        "getDesc": "^C454545FF00000000通过“中间岛战役”困难难度获得"
    },
    {
        "cid": 10004361,
        "title": "新头像",
        "sort": 43,
        "icon": 46,
        "isAnimation": "0",
        "getType": 2,
        "getCondtion": [],
        "getDesc": "^C454545FF00000000通过 “战争协奏曲”2000分奖励获得"
    },
    {
        "cid": 10004461,
        "title": "新头像",
        "sort": 44,
        "icon": 47,
        "isAnimation": "0",
        "getType": 2,
        "getCondtion": [],
        "getDesc": "^C454545FF00000000完成“女武神行动（复刻）”困难难度获得"
    },
    {
        "cid": 10004561,
        "title": "新头像",
        "sort": 45,
        "icon": 48,
        "isAnimation": "0",
        "getType": 2,
        "getCondtion": [],
        "getDesc": "^C454545FF00000000通过 “极地奏鸣曲”1400分奖励获得"
    },
    {
        "cid": 10004661,
        "title": "新头像",
        "sort": 46,
        "icon": 49,
        "isAnimation": "0",
        "getType": 2,
        "getCondtion": [],
        "getDesc": "^C454545FF00000000完成“轰隆轰隆大作战（复刻）”困难难度获得"
    },
    {
        "cid": 10004761,
        "title": "新头像",
        "sort": 47,
        "icon": 50,
        "isAnimation": "0",
        "getType": 2,
        "getCondtion": [],
        "getDesc": "^C454545FF00000000完成“扑火之蛾”困难难度获得"
    },
    {
        "cid": 10004861,
        "title": "新头像",
        "sort": 48,
        "icon": 51,
        "isAnimation": "0",
        "getType": 2,
        "getCondtion": [],
        "getDesc": "^C454545FF00000000通过“模拟演习作战”第45层获得"
    },
    {
        "cid": 10004961,
        "title": "新头像",
        "sort": 49,
        "icon": 52,
        "isAnimation": "0",
        "getType": 2,
        "getCondtion": [],
        "getDesc": "^C454545FF00000000完成“决战无畏之海（复刻）”困难难度获得"
    },
    {
        "cid": 10005061,
        "title": "新头像",
        "sort": 50,
        "icon": 53,
        "isAnimation": "0",
        "getType": 2,
        "getCondtion": [],
        "getDesc": "^C454545FF00000000通过 立体强袭:盛开之崖1200分奖励获得"
    },
    {
        "cid": 10005161,
        "title": "新头像",
        "sort": 51,
        "icon": 54,
        "isAnimation": "0",
        "getType": 2,
        "getCondtion": [],
        "getDesc": "^C454545FF00000000通过“浩瀚的战场”最终关卡后在战备券商店内获得"
    },
    {
        "cid": 10005261,
        "title": "新头像",
        "sort": 52,
        "icon": 55,
        "isAnimation": "0",
        "getType": 2,
        "getCondtion": [],
        "getDesc": "^C454545FF00000000完成“试胆大会”困难难度获得"
    },
    {
        "cid": 10005361,
        "title": "新头像",
        "sort": 53,
        "icon": 56,
        "isAnimation": "0",
        "getType": 2,
        "getCondtion": [],
        "getDesc": "^C454545FF00000000完成“急速东方快车（复刻）”困难难度获得"
    }
]