[
    {
        "cid": 1,
        "type": 1,
        "title": "钻石",
        "icon": "",
        "dismantle": "0",
        "desc": "0v0",
        "furniture": [],
        "cookbook": [],
        "picId": "",
        "evoType": "0",
        "canDismantle": "0",
        "dropDesc": "",
        "buffEffect": "0",
        "effectDesc": ""
    },
    {
        "cid": 2,
        "type": 1,
        "title": "燃料",
        "icon": "",
        "dismantle": "0",
        "desc": "这一看就是油吧，是吧？没什么好描述的啦！",
        "furniture": [],
        "cookbook": [],
        "picId": "",
        "evoType": "0",
        "canDismantle": "0",
        "dropDesc": "",
        "buffEffect": "0",
        "effectDesc": ""
    },
    {
        "cid": 3,
        "type": 1,
        "title": "弹药",
        "icon": "",
        "dismantle": "0",
        "desc": "弹药的制造方法……或者说你想造导弹？",
        "furniture": [],
        "cookbook": [],
        "picId": "",
        "evoType": "0",
        "canDismantle": "0",
        "dropDesc": "",
        "buffEffect": "0",
        "effectDesc": ""
    },
    {
        "cid": 4,
        "type": 1,
        "title": "钢材",
        "icon": "",
        "dismantle": "0",
        "desc": "放心，正规进口的，绝不是什么（捂嘴）",
        "furniture": [],
        "cookbook": [],
        "picId": "",
        "evoType": "0",
        "canDismantle": "0",
        "dropDesc": "",
        "buffEffect": "0",
        "effectDesc": ""
    },
    {
        "cid": 9,
        "type": 1,
        "title": "铝材",
        "icon": "",
        "dismantle": "0",
        "desc": "记住，放铝材的仓库一定要派人把守，不然的话……",
        "furniture": [],
        "cookbook": [],
        "picId": "",
        "evoType": "0",
        "canDismantle": "0",
        "dropDesc": "",
        "buffEffect": "0",
        "effectDesc": ""
    },
    {
        "cid": 10,
        "type": 1,
        "title": "功勋点",
        "icon": "",
        "dismantle": "0",
        "desc": "战绩的证明，勇者的证明，优秀的提督证明。",
        "furniture": [],
        "cookbook": [],
        "picId": "",
        "evoType": "0",
        "canDismantle": "0",
        "dropDesc": "",
        "buffEffect": "0",
        "effectDesc": ""
    },
    {
        "cid": 14,
        "type": 1,
        "title": "战利品",
        "icon": "",
        "dismantle": "0",
        "desc": "为什么会有人想收集这种奇怪的东西。",
        "furniture": [],
        "cookbook": [],
        "picId": "",
        "evoType": "0",
        "canDismantle": "0",
        "dropDesc": "",
        "buffEffect": "0",
        "effectDesc": ""
    },
    {
        "cid": 17,
        "type": 1,
        "title": "情报点数",
        "icon": "",
        "dismantle": "0",
        "desc": "在“远洋破袭活动”中通过击败情报点敌人并取得S胜及以上的战斗评级获得。",
        "furniture": [],
        "cookbook": [],
        "picId": "",
        "evoType": "0",
        "canDismantle": "0",
        "dropDesc": "",
        "buffEffect": "0",
        "effectDesc": ""
    },
    {
        "cid": 18,
        "type": 1,
        "title": "家具点",
        "icon": "",
        "dismantle": "0",
        "desc": "分解家具后获得的货币。",
        "furniture": [],
        "cookbook": [],
        "picId": "",
        "evoType": "0",
        "canDismantle": "0",
        "dropDesc": "",
        "buffEffect": "0",
        "effectDesc": ""
    },
    {
        "cid": 19,
        "type": 1,
        "title": "无序数据",
        "icon": "",
        "dismantle": "0",
        "desc": "在“五周年娱乐活动”中通过击败情报点敌人并取得b胜及以上的战斗评级获得。",
        "furniture": [],
        "cookbook": [],
        "picId": "",
        "evoType": "0",
        "canDismantle": "0",
        "dropDesc": "",
        "buffEffect": "0",
        "effectDesc": ""
    },
    {
        "cid": 20,
        "type": 1,
        "title": "强化芯片",
        "icon": "",
        "dismantle": "0",
        "desc": "很普通的强化芯片，在模拟演习中提升己方舰队实力；",
        "furniture": [],
        "cookbook": [],
        "picId": "",
        "evoType": "0",
        "canDismantle": "0",
        "dropDesc": "",
        "buffEffect": "0",
        "effectDesc": ""
    },
    {
        "cid": 21,
        "type": 1,
        "title": "秘密芯片（特）",
        "icon": "",
        "dismantle": "0",
        "desc": "紫貂制作的病毒芯片，特别允许司令官以极低的价格购买；",
        "furniture": [],
        "cookbook": [],
        "picId": "",
        "evoType": "0",
        "canDismantle": "0",
        "dropDesc": "",
        "buffEffect": "0",
        "effectDesc": ""
    },
    {
        "cid": 22,
        "type": 1,
        "title": "秘密芯片",
        "icon": "",
        "dismantle": "0",
        "desc": "由紫貂制作的病毒芯片，可以让舰队获得神秘的强大力量；",
        "furniture": [],
        "cookbook": [],
        "picId": "",
        "evoType": "0",
        "canDismantle": "0",
        "dropDesc": "",
        "buffEffect": "0",
        "effectDesc": ""
    },
    {
        "cid": 23,
        "type": 1,
        "title": "战备券",
        "icon": "",
        "dismantle": "0",
        "desc": "战备券商店货币，通过舰队决战活动获得",
        "furniture": [],
        "cookbook": [],
        "picId": "",
        "evoType": "0",
        "canDismantle": "0",
        "dropDesc": "",
        "buffEffect": "0",
        "effectDesc": ""
    },
    {
        "cid": 141,
        "type": 1,
        "title": "快速建造工具",
        "icon": "",
        "dismantle": "0",
        "desc": "加速道具(建造船，开发装备)",
        "furniture": [],
        "cookbook": [],
        "picId": "",
        "evoType": "0",
        "canDismantle": "0",
        "dropDesc": "",
        "buffEffect": "0",
        "effectDesc": ""
    },
    {
        "cid": 241,
        "type": 1,
        "title": "舰船蓝图",
        "icon": "",
        "dismantle": "0",
        "desc": "开发材料",
        "furniture": [],
        "cookbook": [],
        "picId": "",
        "evoType": "0",
        "canDismantle": "0",
        "dropDesc": "",
        "buffEffect": "0",
        "effectDesc": ""
    },
    {
        "cid": 441,
        "type": 1,
        "title": "修理扩展工具",
        "icon": "",
        "dismantle": "0",
        "desc": "修理扩展工具",
        "furniture": [],
        "cookbook": [],
        "picId": "",
        "evoType": "0",
        "canDismantle": "0",
        "dropDesc": "",
        "buffEffect": "0",
        "effectDesc": ""
    },
    {
        "cid": 541,
        "type": 1,
        "title": "快速修理工具",
        "icon": "",
        "dismantle": "0",
        "desc": "快速修理工具",
        "furniture": [],
        "cookbook": [],
        "picId": "",
        "evoType": "0",
        "canDismantle": "0",
        "dropDesc": "快速修理工具",
        "buffEffect": "0",
        "effectDesc": ""
    },
    {
        "cid": 741,
        "type": 1,
        "title": "装备蓝图",
        "icon": "",
        "dismantle": "0",
        "desc": "装备蓝图",
        "furniture": [],
        "cookbook": [],
        "picId": "",
        "evoType": "0",
        "canDismantle": "0",
        "dropDesc": "",
        "buffEffect": "0",
        "effectDesc": ""
    },
    {
        "cid": 336,
        "type": 1,
        "title": "紫貂的秘宝",
        "icon": "",
        "dismantle": "0",
        "desc": "通过紫貂的考核后便可获得的秘宝，随机出现各类舰船。",
        "furniture": [],
        "cookbook": [],
        "picId": "",
        "evoType": "0",
        "canDismantle": "0",
        "dropDesc": "",
        "buffEffect": "0",
        "effectDesc": ""
    },
    {
        "cid": 10141,
        "type": "0",
        "title": "航母改造核心",
        "icon": "",
        "dismantle": {
            "9": 200
        },
        "desc": "用于改造航母类舰船的材料",
        "furniture": [],
        "cookbook": [],
        "picId": "",
        "evoType": 4,
        "canDismantle": 1,
        "dropDesc": "在战役-珊瑚海海战中有几率掉落",
        "buffEffect": "0",
        "effectDesc": ""
    },
    {
        "cid": 10241,
        "type": "0",
        "title": "战列改造核心",
        "icon": "",
        "dismantle": {
            "4": 400
        },
        "desc": "用于改造战列类舰船的材料",
        "furniture": [],
        "cookbook": [],
        "picId": "",
        "evoType": 3,
        "canDismantle": 1,
        "dropDesc": "在战役-丹麦海峡海战中有几率掉落",
        "buffEffect": "0",
        "effectDesc": ""
    },
    {
        "cid": 10341,
        "type": "0",
        "title": "巡洋改造核心",
        "icon": "",
        "dismantle": {
            "2": 300
        },
        "desc": "用于改造巡洋类舰船的材料",
        "furniture": [],
        "cookbook": [],
        "picId": "",
        "evoType": 2,
        "canDismantle": 1,
        "dropDesc": "在战役-马塔潘角海战中有几率掉落",
        "buffEffect": "0",
        "effectDesc": ""
    },
    {
        "cid": 10441,
        "type": "0",
        "title": "驱逐改造核心",
        "icon": "",
        "dismantle": {
            "3": 200
        },
        "desc": "用于改造驱逐类舰船的材料",
        "furniture": [],
        "cookbook": [],
        "picId": "",
        "evoType": 1,
        "canDismantle": 1,
        "dropDesc": "在战役-纳尔维克海战中有几率掉落",
        "buffEffect": "0",
        "effectDesc": ""
    },
    {
        "cid": 10541,
        "type": "0",
        "title": "潜艇改造核心",
        "icon": "",
        "dismantle": {
            "2": 150,
            "3": 150
        },
        "desc": "用于改造潜艇类舰船的材料",
        "furniture": [],
        "cookbook": [],
        "picId": "",
        "evoType": 5,
        "canDismantle": 1,
        "dropDesc": "在战役-海峡伏击战中有几率掉落",
        "buffEffect": "0",
        "effectDesc": ""
    },
    {
        "cid": 88841,
        "type": 1,
        "title": "誓约之戒",
        "icon": "",
        "dismantle": "0",
        "desc": "用于举行仪式",
        "furniture": [],
        "cookbook": [],
        "picId": "",
        "evoType": "0",
        "canDismantle": "0",
        "dropDesc": "用于举行仪式",
        "buffEffect": "0",
        "effectDesc": ""
    },
    {
        "cid": 66641,
        "type": 1,
        "title": "损害管制小组",
        "icon": "",
        "dismantle": "0",
        "desc": "阻止一次由于敌方攻击造成的撤退且回复全部耐久,并在此次战斗中保护该舰船不会被再次破坏。（撤退时自动触发使用,使用后消失）",
        "furniture": [],
        "cookbook": [],
        "picId": "",
        "evoType": "0",
        "canDismantle": "0",
        "dropDesc": "阻止一次由于敌方攻击造成的撤退且回复全部耐久,并在此次战斗中保护该舰船不会被再次破坏。（撤退时自动触发使用,使用后消失）",
        "buffEffect": "0",
        "effectDesc": ""
    },
    {
        "cid": 77741,
        "type": 1,
        "title": "蓝飘带",
        "icon": "",
        "dismantle": "0",
        "desc": "0",
        "furniture": [],
        "cookbook": [],
        "picId": "",
        "evoType": "0",
        "canDismantle": "0",
        "dropDesc": "",
        "buffEffect": "0",
        "effectDesc": ""
    },
    {
        "cid": 77841,
        "type": 1,
        "title": "新年飘带芦苇",
        "icon": "",
        "dismantle": "0",
        "desc": "0",
        "furniture": [],
        "cookbook": [],
        "picId": "",
        "evoType": "0",
        "canDismantle": "0",
        "dropDesc": "",
        "buffEffect": "0",
        "effectDesc": ""
    },
    {
        "cid": 77941,
        "type": 1,
        "title": "新年飘带玫瑰",
        "icon": "",
        "dismantle": "0",
        "desc": "0",
        "furniture": [],
        "cookbook": [],
        "picId": "",
        "evoType": "0",
        "canDismantle": "0",
        "dropDesc": "",
        "buffEffect": "0",
        "effectDesc": ""
    },
    {
        "cid": 20041,
        "type": "0",
        "title": "磁盘",
        "icon": "",
        "dismantle": "0",
        "desc": "舰队决战活动进入消耗的道具",
        "furniture": [],
        "cookbook": [],
        "picId": "",
        "evoType": "0",
        "canDismantle": "0",
        "dropDesc": "",
        "buffEffect": "0",
        "effectDesc": ""
    },
    {
        "cid": 20141,
        "type": 2,
        "title": "小型船舾装图纸",
        "icon": "",
        "dismantle": "0",
        "desc": "工程局小型船舾装图纸",
        "furniture": [],
        "cookbook": [],
        "picId": "",
        "evoType": "0",
        "canDismantle": "0",
        "dropDesc": "",
        "buffEffect": "0",
        "effectDesc": ""
    },
    {
        "cid": 20241,
        "type": 2,
        "title": "中型船舾装图纸",
        "icon": "",
        "dismantle": "0",
        "desc": "工程局中型船舾装图纸",
        "furniture": [],
        "cookbook": [],
        "picId": "",
        "evoType": "0",
        "canDismantle": "0",
        "dropDesc": "",
        "buffEffect": "0",
        "effectDesc": ""
    },
    {
        "cid": 20341,
        "type": 2,
        "title": "大型舰舾装图纸",
        "icon": "",
        "dismantle": "0",
        "desc": "工程局大型船舾装图纸",
        "furniture": [],
        "cookbook": [],
        "picId": "",
        "evoType": "0",
        "canDismantle": "0",
        "dropDesc": "",
        "buffEffect": "0",
        "effectDesc": ""
    },
    {
        "cid": 10142,
        "type": "0",
        "title": "港湾的藏品",
        "icon": "",
        "dismantle": "0",
        "desc": "主要包含和风居室套装，爵士俱乐部套装，中式古典家居套装，海洋之心套装，简约现代风套装，喵喵咖啡店套装。",
        "furniture": [
            10000271,
            10000471,
            10001471,
            10001771,
            10001971,
            10002271,
            10002871,
            10003571,
            10003971,
            10004371,
            10004871,
            10006671,
            10006971,
            10007171,
            10007371,
            10007971,
            10008171,
            10008971,
            10009071,
            10009271,
            10009671,
            10009871,
            10010071,
            10010371,
            10010471,
            10010771,
            10010871,
            10010971,
            10011371,
            10011671,
            10011771,
            10011971,
            10012371,
            10012471,
            10015971,
            10016471,
            10016871,
            10016971,
            10017471,
            10017571,
            10000171,
            10000371,
            10001071,
            10001171,
            10001271,
            10001371,
            10001671,
            10002071,
            10002371,
            10002571,
            10002771,
            10003371,
            10003471,
            10004071,
            10004471,
            10004571,
            10004671,
            10004971,
            10005971,
            10006371,
            10006471,
            10006771,
            10007271,
            10007671,
            10007871,
            10008071,
            10008471,
            10008771,
            10008871,
            10009371,
            10009471,
            10009571,
            10010571,
            10011071,
            10011471,
            10011871,
            10012171,
            10012271,
            10012671,
            10012771,
            10013671,
            10013771,
            10013871,
            10013971,
            10014071,
            10014271,
            10014571,
            10014871,
            10015071,
            10015271,
            10015371,
            10015471,
            10015571,
            10015771,
            10016071,
            10016171,
            10016371,
            10017071,
            10017171,
            10017771,
            10017871,
            10100471,
            10100571,
            10100771,
            10100871,
            10200571,
            10200671,
            10200771,
            10300171,
            10300271,
            10300471,
            10300571,
            10000571,
            10000771,
            10001571,
            10001871,
            10002171,
            10002471,
            10002971,
            10003271,
            10003771,
            10003871,
            10004771,
            10005771,
            10005871,
            10006271,
            10006571,
            10006871,
            10007471,
            10007571,
            10007771,
            10008371,
            10008571,
            10008671,
            10009771,
            10009971,
            10010171,
            10010271,
            10010671,
            10011171,
            10011271,
            10013371,
            10013571,
            10014371,
            10014471,
            10014671,
            10015171,
            10015671,
            10017271,
            10017671,
            10100171,
            10100271,
            10100371,
            10100671,
            10100971,
            10101071,
            10200171,
            10200271,
            10200371,
            10200471,
            10000671,
            10000871,
            10000971,
            10002671,
            10003671,
            10004171,
            10004271,
            10005171,
            10006071,
            10006171,
            10009171,
            10011571,
            10012071,
            10012571,
            10013471,
            10014171,
            10014771,
            10015871,
            10016271,
            10016571,
            10016671,
            10016771,
            10017371,
            10101171,
            10101271,
            10101371,
            10200871,
            10200971,
            10201071,
            10201171,
            10003071,
            10003171,
            10005071,
            10007071,
            10008271,
            10012871,
            10012971,
            10013071,
            10013171
        ],
        "cookbook": [],
        "picId": "",
        "evoType": "0",
        "canDismantle": "0",
        "dropDesc": "",
        "buffEffect": "0",
        "effectDesc": ""
    },
    {
        "cid": 10242,
        "type": "0",
        "title": "港湾的珍藏",
        "icon": "",
        "dismantle": "0",
        "desc": "包含与“港湾的藏品”中一样的家具，但是似乎更容易开出稀有家具。",
        "furniture": [
            10000271,
            10000471,
            10001471,
            10001771,
            10001971,
            10002271,
            10002871,
            10003571,
            10003971,
            10004371,
            10004871,
            10006671,
            10006971,
            10007171,
            10007371,
            10007971,
            10008171,
            10008971,
            10009071,
            10009271,
            10009671,
            10009871,
            10010071,
            10010371,
            10010471,
            10010771,
            10010871,
            10010971,
            10011371,
            10011671,
            10011771,
            10011971,
            10012371,
            10012471,
            10015971,
            10016471,
            10016871,
            10016971,
            10017471,
            10017571,
            10000171,
            10000371,
            10001071,
            10001171,
            10001271,
            10001371,
            10001671,
            10002071,
            10002171,
            10002371,
            10002571,
            10002771,
            10003271,
            10003371,
            10003471,
            10003871,
            10004071,
            10004471,
            10004571,
            10004671,
            10004971,
            10005771,
            10005971,
            10006371,
            10006471,
            10006771,
            10007271,
            10007571,
            10007671,
            10007871,
            10008071,
            10008471,
            10008771,
            10008871,
            10009371,
            10009471,
            10009571,
            10010171,
            10010271,
            10010571,
            10010671,
            10011071,
            10011171,
            10011271,
            10011471,
            10011871,
            10012171,
            10012271,
            10012671,
            10012771,
            10013671,
            10013771,
            10013871,
            10013971,
            10014071,
            10014271,
            10014371,
            10014471,
            10014571,
            10014671,
            10014871,
            10015071,
            10015271,
            10015371,
            10015471,
            10015571,
            10015771,
            10016071,
            10016171,
            10016371,
            10017071,
            10017171,
            10017771,
            10017871,
            10100471,
            10100571,
            10100771,
            10100871,
            10200571,
            10200671,
            10200771,
            10300171,
            10300271,
            10300471,
            10300571,
            10000571,
            10000671,
            10000771,
            10000971,
            10001571,
            10001871,
            10002471,
            10002971,
            10003671,
            10003771,
            10004171,
            10004771,
            10005171,
            10005871,
            10006071,
            10006171,
            10006271,
            10006571,
            10006871,
            10007471,
            10007771,
            10008371,
            10008571,
            10008671,
            10009171,
            10009771,
            10009971,
            10011571,
            10012571,
            10013371,
            10013471,
            10013571,
            10014171,
            10014771,
            10015171,
            10015671,
            10015871,
            10016271,
            10016771,
            10017271,
            10017371,
            10017671,
            10100171,
            10100271,
            10100371,
            10100671,
            10100971,
            10101071,
            10101171,
            10101271,
            10101371,
            10200171,
            10200271,
            10200371,
            10200471,
            10200871,
            10200971,
            10201071,
            10201171,
            10000871,
            10002671,
            10004271,
            10005071,
            10007071,
            10008271,
            10012071,
            10012871,
            10012971,
            10013071,
            10013171,
            10016571,
            10016671,
            10003071,
            10003171
        ],
        "cookbook": [],
        "picId": "",
        "evoType": "0",
        "canDismantle": "0",
        "dropDesc": "",
        "buffEffect": "0",
        "effectDesc": ""
    },
    {
        "cid": 10342,
        "type": "0",
        "title": "合味道珍藏",
        "icon": "",
        "dismantle": "0",
        "desc": "内含合味道系列家具，据说收集完可以获得泡面之神的青睐。",
        "furniture": [
            10019371,
            10019771,
            10300671,
            10019671,
            10101571,
            10201371,
            10019971,
            10019471,
            10019571,
            10019871
        ],
        "cookbook": [],
        "picId": "",
        "evoType": "0",
        "canDismantle": "0",
        "dropDesc": "",
        "buffEffect": "0",
        "effectDesc": ""
    },
    {
        "cid": 10442,
        "type": "0",
        "title": "大胃王藏品",
        "icon": "",
        "dismantle": "0",
        "desc": "主要包含未来科技研发工作室套装，海之星幼儿园套装，辛勤的土星日套装和一些菜谱。",
        "furniture": [
            10021271,
            10021371,
            10021871,
            10022371,
            10022671,
            10005971,
            10020271,
            10020571,
            10021471,
            10021571,
            10022171,
            10022571,
            10026971,
            10027371,
            10005771,
            10005871,
            10006271,
            10020371,
            10020471,
            10020671,
            10020971,
            10021671,
            10022071,
            10022471,
            10022771,
            10027171,
            10027771,
            10028771,
            10028871,
            10101671,
            10201471,
            10201571,
            10300771,
            10300871,
            10006071,
            10006171,
            10020771,
            10021071,
            10021171,
            10021771,
            10021971,
            10022271,
            10022971,
            10023371,
            10026671,
            10026771,
            10027071,
            10027271,
            10027471,
            10027571,
            10027871,
            10027971,
            10028071,
            10028171,
            10028271,
            10028471,
            10028571,
            10029171,
            10101771,
            10300971,
            10019071,
            10019171,
            10020071,
            10020171,
            10020871,
            10022871,
            10023071,
            10023171,
            10026871,
            10027671,
            10028371,
            10028671,
            10102071,
            10201871,
            10029571,
            10029671,
            10029771,
            10029871,
            10029971,
            10030071,
            10030171,
            10030271,
            10030371,
            10030471,
            10030671,
            10102171,
            10201971,
            10025571,
            10025671,
            10025771,
            10025871,
            10025971,
            10026071,
            10026171,
            10026271,
            10026371,
            10026471,
            10026571,
            10101971,
            10201771
        ],
        "cookbook": [
            10000172,
            10000272,
            10000372,
            10000572,
            10000672,
            10000772,
            10000972,
            10001072,
            10001172,
            10001372,
            10001472,
            10001572,
            10001672,
            10001772,
            10001872
        ],
        "picId": "",
        "evoType": "0",
        "canDismantle": "0",
        "dropDesc": "",
        "buffEffect": "0",
        "effectDesc": ""
    },
    {
        "cid": 10542,
        "type": "0",
        "title": "大胃王珍藏",
        "icon": "",
        "dismantle": "0",
        "desc": "包含与“大胃王藏品”中一样的家具，但是似乎更容易开出稀有家具。",
        "furniture": [
            10021871,
            10022371,
            10027371,
            10005771,
            10005971,
            10020471,
            10020671,
            10021671,
            10022071,
            10022171,
            10022471,
            10022571,
            10026971,
            10027171,
            10027771,
            10005871,
            10006071,
            10006171,
            10006271,
            10020271,
            10020371,
            10020571,
            10020771,
            10020971,
            10021171,
            10021271,
            10021371,
            10021471,
            10021571,
            10021771,
            10022271,
            10022671,
            10022771,
            10022971,
            10023371,
            10026771,
            10027071,
            10028171,
            10028271,
            10028571,
            10028771,
            10028871,
            10101671,
            10101771,
            10201471,
            10201571,
            10300771,
            10300871,
            10300971,
            10019171,
            10020071,
            10020171,
            10020871,
            10021071,
            10021971,
            10022871,
            10023071,
            10023171,
            10026671,
            10026871,
            10027271,
            10027471,
            10027571,
            10027871,
            10027971,
            10028071,
            10028471,
            10028671,
            10029171,
            10102071,
            10201871,
            10019071,
            10027671,
            10028371,
            10029571,
            10029671,
            10029771,
            10029871,
            10029971,
            10030071,
            10030171,
            10030271,
            10030371,
            10030471,
            10030671,
            10102171,
            10201971,
            10025571,
            10025671,
            10025771,
            10025871,
            10025971,
            10026071,
            10026171,
            10026271,
            10026371,
            10026471,
            10026571,
            10101971,
            10201771
        ],
        "cookbook": [
            10000172,
            10000272,
            10000372,
            10000572,
            10000672,
            10000772,
            10000972,
            10001072,
            10001172,
            10001372,
            10001472,
            10001572,
            10001672,
            10001772,
            10001872
        ],
        "picId": "",
        "evoType": "0",
        "canDismantle": "0",
        "dropDesc": "",
        "buffEffect": "0",
        "effectDesc": ""
    },
    {
        "cid": 10642,
        "type": "0",
        "title": "战舰猎手珍藏",
        "icon": "",
        "dismantle": "0",
        "desc": "包含家具战舰模拟器*1。",
        "furniture": [
            10029271
        ],
        "cookbook": [],
        "picId": "",
        "evoType": "0",
        "canDismantle": "0",
        "dropDesc": "",
        "buffEffect": "0",
        "effectDesc": ""
    },
    {
        "cid": 10742,
        "type": "0",
        "title": "妙妙零食珍藏",
        "icon": "",
        "dismantle": "0",
        "desc": "包含食谱辣条*1",
        "furniture": [],
        "cookbook": [
            10002372
        ],
        "picId": "",
        "evoType": "0",
        "canDismantle": "0",
        "dropDesc": "",
        "buffEffect": "0",
        "effectDesc": ""
    },
    {
        "cid": 10842,
        "type": "0",
        "title": "糖果惊喜藏品",
        "icon": "",
        "dismantle": "0",
        "desc": "主要包含萤火虫的斜边巷套装，万圣古堡套装，热血网球场套装，“朋友”宠物乐园套装和一些菜谱",
        "furniture": [
            10031171,
            10033771,
            10033871,
            10033971,
            10034071,
            10034171,
            10034271,
            10034371,
            10034471,
            10034571,
            10034671,
            10034771,
            10034871,
            10034971,
            10035071,
            10035171,
            10035271,
            10035371,
            10102571,
            10102671,
            10202271,
            10301171,
            10031071,
            10031271,
            10031471,
            10031671,
            10035471,
            10035571,
            10035671,
            10035771,
            10035871,
            10036071,
            10036171,
            10102271,
            10202171,
            10031571,
            10031771,
            10031871,
            10031971,
            10032071,
            10032171,
            10032271,
            10032371,
            10032471,
            10032571,
            10032671,
            10032771,
            10032871,
            10032971,
            10033071,
            10033171,
            10033271,
            10033371,
            10033471,
            10033571,
            10033671,
            10102371,
            10102471,
            10202071,
            10301071,
            10035971,
            10036271,
            10036371,
            10036471,
            10036571,
            10036671,
            10036771,
            10036871,
            10036971,
            10037071,
            10037171,
            10037271,
            10037371,
            10037471,
            10037571,
            10037671,
            10037771,
            10037871,
            10037971,
            10038071,
            10038171,
            10038271,
            10038371,
            10038471,
            10038571,
            10038671,
            10038771,
            10038871,
            10038971,
            10039071,
            10039171,
            10039271,
            10102771,
            10102871,
            10202371,
            10301271
        ],
        "cookbook": [
            10003172,
            10003272,
            10003372
        ],
        "picId": "",
        "evoType": "0",
        "canDismantle": "0",
        "dropDesc": "",
        "buffEffect": "0",
        "effectDesc": ""
    },
    {
        "cid": 10942,
        "type": "0",
        "title": "糖果惊喜珍藏",
        "icon": "",
        "dismantle": "0",
        "desc": "包含与“糖果惊喜藏品”中一样的家具，但是似乎更容易开出稀有家具。",
        "furniture": [
            10031171,
            10033771,
            10033871,
            10033971,
            10034071,
            10034171,
            10034271,
            10034371,
            10034471,
            10034571,
            10034671,
            10034771,
            10034871,
            10034971,
            10035071,
            10035171,
            10035271,
            10035371,
            10102571,
            10102671,
            10202271,
            10301171,
            10031071,
            10031271,
            10031471,
            10031671,
            10035471,
            10035571,
            10035671,
            10035771,
            10035871,
            10036071,
            10036171,
            10102271,
            10202171,
            10031571,
            10031771,
            10031871,
            10031971,
            10032071,
            10032171,
            10032271,
            10032371,
            10032471,
            10032571,
            10032671,
            10032771,
            10032871,
            10032971,
            10033071,
            10033171,
            10033271,
            10033371,
            10033471,
            10033571,
            10033671,
            10102371,
            10102471,
            10202071,
            10301071,
            10035971,
            10036271,
            10036371,
            10036471,
            10036571,
            10036671,
            10036771,
            10036871,
            10036971,
            10037071,
            10037171,
            10037271,
            10037371,
            10037471,
            10037571,
            10037671,
            10037771,
            10037871,
            10037971,
            10038071,
            10038171,
            10038271,
            10038371,
            10038471,
            10038571,
            10038671,
            10038771,
            10038871,
            10038971,
            10039071,
            10039171,
            10039271,
            10102771,
            10102871,
            10202371,
            10301271
        ],
        "cookbook": [
            10003172,
            10003272,
            10003372
        ],
        "picId": "",
        "evoType": "0",
        "canDismantle": "0",
        "dropDesc": "",
        "buffEffect": "0",
        "effectDesc": ""
    },
    {
        "cid": 11042,
        "type": "0",
        "title": "港区周年惊喜藏品",
        "icon": "",
        "dismantle": "0",
        "desc": "主要包含誓言街套装，永恒之国套装，碧海乐园套装。",
        "furniture": [
            10039371,
            10039471,
            10039571,
            10039671,
            10039771,
            10039871,
            10039971,
            10040071,
            10040171,
            10040671,
            10040771,
            10040871,
            10040971,
            10041071,
            10041171,
            10041271,
            10041371,
            10041471,
            10041571,
            10041671,
            10041771,
            10041871,
            10041971,
            10042071,
            10042171,
            10042271,
            10042371,
            10042471,
            10042571,
            10042671,
            10042771,
            10042871,
            10042971,
            10043071,
            10043171,
            10043271,
            10043371,
            10043471,
            10043571,
            10043671,
            10043771,
            10043871,
            10043971,
            10044071,
            10044171,
            10044271,
            10044371,
            10044471,
            10044571,
            10102971,
            10103071,
            10103171,
            10103271,
            10103371,
            10202571,
            10202671,
            10202771,
            10301371,
            10301471,
            10044771,
            10044871,
            10044971,
            10045071,
            10045171,
            10045271,
            10045371,
            10045671,
            10046871,
            10046971,
            10047071,
            10047171,
            10047271,
            10047371,
            10103571,
            10202971,
            10301571,
            10045471,
            10045571,
            10045771,
            10046071,
            10046171,
            10046271,
            10046371,
            10046471,
            10046571,
            10046671,
            10046771,
            10103471,
            10202871,
            10045871,
            10045971
        ],
        "cookbook": [],
        "picId": "",
        "evoType": "0",
        "canDismantle": "0",
        "dropDesc": "",
        "buffEffect": "0",
        "effectDesc": ""
    },
    {
        "cid": 11142,
        "type": "0",
        "title": "港区周年惊喜珍藏",
        "icon": "",
        "dismantle": "0",
        "desc": "包含与“港区周年惊喜藏品”中一样的家具，但是似乎更容易开出稀有家具。",
        "furniture": [
            10039371,
            10039471,
            10039571,
            10039671,
            10039771,
            10039871,
            10039971,
            10040071,
            10040171,
            10040671,
            10040771,
            10040871,
            10040971,
            10041071,
            10041171,
            10041271,
            10041371,
            10041471,
            10041571,
            10041671,
            10041771,
            10041871,
            10041971,
            10042071,
            10042171,
            10042271,
            10042371,
            10042471,
            10042571,
            10042671,
            10042771,
            10042871,
            10042971,
            10043071,
            10043171,
            10043271,
            10043371,
            10043471,
            10043571,
            10043671,
            10043771,
            10043871,
            10043971,
            10044071,
            10044171,
            10044271,
            10044371,
            10044471,
            10044571,
            10102971,
            10103071,
            10103171,
            10103271,
            10103371,
            10202571,
            10202671,
            10202771,
            10301371,
            10301471,
            10044771,
            10044871,
            10044971,
            10045071,
            10045171,
            10045271,
            10045371,
            10045671,
            10046871,
            10046971,
            10047071,
            10047171,
            10047271,
            10047371,
            10103571,
            10202971,
            10301571,
            10045471,
            10045571,
            10045771,
            10046071,
            10046171,
            10046271,
            10046371,
            10046471,
            10046571,
            10046671,
            10046771,
            10103471,
            10202871,
            10045871,
            10045971
        ],
        "cookbook": [],
        "picId": "",
        "evoType": "0",
        "canDismantle": "0",
        "dropDesc": "",
        "buffEffect": "0",
        "effectDesc": ""
    },
    {
        "cid": 11242,
        "type": "0",
        "title": "打捞出来的神秘宝箱",
        "icon": "",
        "dismantle": "0",
        "desc": "包含家具特殊培养皿*1。",
        "furniture": [
            10050271
        ],
        "cookbook": [],
        "picId": "",
        "evoType": "0",
        "canDismantle": "0",
        "dropDesc": "",
        "buffEffect": "0",
        "effectDesc": ""
    },
    {
        "cid": 20182,
        "type": "0",
        "title": "随机舰娘箱1",
        "icon": "",
        "dismantle": "0",
        "desc": "随机获得1个角色",
        "furniture": [],
        "cookbook": [],
        "picId": "",
        "evoType": "0",
        "canDismantle": "0",
        "dropDesc": "",
        "buffEffect": "0",
        "effectDesc": ""
    },
    {
        "cid": 20282,
        "type": "0",
        "title": "随机舰娘箱2",
        "icon": "",
        "dismantle": "0",
        "desc": "随机获得1个角色",
        "furniture": [],
        "cookbook": [],
        "picId": "",
        "evoType": "0",
        "canDismantle": "0",
        "dropDesc": "",
        "buffEffect": "0",
        "effectDesc": ""
    },
    {
        "cid": 20382,
        "type": "0",
        "title": "随机舰娘箱3",
        "icon": "",
        "dismantle": "0",
        "desc": "随机获得1个角色",
        "furniture": [],
        "cookbook": [],
        "picId": "",
        "evoType": "0",
        "canDismantle": "0",
        "dropDesc": "",
        "buffEffect": "0",
        "effectDesc": ""
    },
    {
        "cid": 20482,
        "type": "0",
        "title": "随机舰娘箱4",
        "icon": "",
        "dismantle": "0",
        "desc": "随机获得1个角色",
        "furniture": [],
        "cookbook": [],
        "picId": "",
        "evoType": "0",
        "canDismantle": "0",
        "dropDesc": "",
        "buffEffect": "0",
        "effectDesc": ""
    },
    {
        "cid": 20582,
        "type": "0",
        "title": "随机舰娘箱5",
        "icon": "",
        "dismantle": "0",
        "desc": "随机获得1个角色",
        "furniture": [],
        "cookbook": [],
        "picId": "",
        "evoType": "0",
        "canDismantle": "0",
        "dropDesc": "",
        "buffEffect": "0",
        "effectDesc": ""
    },
    {
        "cid": 20682,
        "type": "0",
        "title": "随机舰娘箱6",
        "icon": "",
        "dismantle": "0",
        "desc": "随机获得1个角色",
        "furniture": [],
        "cookbook": [],
        "picId": "",
        "evoType": "0",
        "canDismantle": "0",
        "dropDesc": "",
        "buffEffect": "0",
        "effectDesc": ""
    },
    {
        "cid": 10143,
        "type": "0",
        "title": "胡德船模",
        "icon": "",
        "dismantle": "0",
        "desc": "皇家海军的荣耀！E国战列舰回避+3",
        "furniture": [],
        "cookbook": [],
        "picId": "",
        "evoType": "0",
        "canDismantle": "0",
        "dropDesc": "",
        "buffEffect": {
            "country": 3,
            "ship_type": 4,
            "attr": "Miss",
            "val": 3
        },
        "effectDesc": "E国战列舰回避+3"
    },
    {
        "cid": 10243,
        "type": "0",
        "title": "咸鱼",
        "icon": "",
        "dismantle": "0",
        "desc": "超大号的咸鱼！咸鱼中的王者！征服了它的人可以获得强大的力量。J国驱逐舰火力+3",
        "furniture": [],
        "cookbook": [],
        "picId": "",
        "evoType": "0",
        "canDismantle": "0",
        "dropDesc": "",
        "buffEffect": {
            "country": 1,
            "ship_type": 12,
            "attr": "Atk",
            "val": 3
        },
        "effectDesc": "J国驱逐舰火力+3"
    },
    {
        "cid": 10343,
        "type": "0",
        "title": "001A",
        "icon": "",
        "dismantle": "0",
        "desc": "美梦实现啦！C国所有舰船幸运+3",
        "furniture": [],
        "cookbook": [],
        "picId": "",
        "evoType": "0",
        "canDismantle": "0",
        "dropDesc": "",
        "buffEffect": {
            "country": 8,
            "ship_type": 0,
            "attr": "Luck",
            "val": 3
        },
        "effectDesc": "C国所有舰船幸运+3"
    },
    {
        "cid": 10443,
        "type": "0",
        "title": "坎贝尔敦船模",
        "icon": "",
        "dismantle": "0",
        "desc": "穿越重重阻碍，击败了不可能战胜的敌人，才会授予这样的奖励。E国驱逐舰火力+3",
        "furniture": [],
        "cookbook": [],
        "picId": "",
        "evoType": "0",
        "canDismantle": "0",
        "dropDesc": "",
        "buffEffect": {
            "country": 3,
            "ship_type": 12,
            "attr": "Atk",
            "val": 3
        },
        "effectDesc": "E国驱逐舰火力+3"
    },
    {
        "cid": 10543,
        "type": "0",
        "title": "海军软飞艇",
        "icon": "",
        "dismantle": "0",
        "desc": "螺旋桨已开动，不要忘记重要物品！U国驱逐舰索敌+3",
        "furniture": [],
        "cookbook": [],
        "picId": "",
        "evoType": "0",
        "canDismantle": "0",
        "dropDesc": "螺旋桨已开动，不要忘记重要物品！",
        "buffEffect": {
            "country": 4,
            "ship_type": 12,
            "attr": "Radar",
            "val": 3
        },
        "effectDesc": "U国驱逐舰索敌+3"
    },
    {
        "cid": 10643,
        "type": "0",
        "title": "摩托鱼雷",
        "icon": "",
        "dismantle": "0",
        "desc": "这个摩托鱼雷甚至能摩擦掉战列舰。I国驱逐舰鱼雷+3",
        "furniture": [],
        "cookbook": [],
        "picId": "",
        "evoType": "0",
        "canDismantle": "0",
        "dropDesc": "",
        "buffEffect": {
            "country": 5,
            "ship_type": 12,
            "attr": "Torpedo",
            "val": 3
        },
        "effectDesc": "I国驱逐舰鱼雷+3"
    },
    {
        "cid": 10743,
        "type": "0",
        "title": "千里眼",
        "icon": "",
        "dismantle": "0",
        "desc": "依靠精密的电子设备，在夜晚也可以捕捉到敌人。U国轻巡洋舰索敌+3",
        "furniture": [],
        "cookbook": [],
        "picId": "",
        "evoType": "0",
        "canDismantle": "0",
        "dropDesc": "",
        "buffEffect": {
            "country": 4,
            "ship_type": 10,
            "attr": "Radar",
            "val": 3
        },
        "effectDesc": "U国轻巡洋舰索敌+3"
    },
    {
        "cid": 10843,
        "type": "0",
        "title": "捡到的皮鞋",
        "icon": "",
        "dismantle": "0",
        "desc": "在会议室的桌下发现的皮鞋，似乎是某位大人物的。S国所有舰船火力+2",
        "furniture": [],
        "cookbook": [],
        "picId": "",
        "evoType": "0",
        "canDismantle": "0",
        "dropDesc": "",
        "buffEffect": {
            "country": 7,
            "ship_type": 0,
            "attr": "Atk",
            "val": 2
        },
        "effectDesc": "S国所有舰船火力+2"
    },
    {
        "cid": 10943,
        "type": "0",
        "title": "比叡火控仪",
        "icon": "",
        "dismantle": "0",
        "desc": "超战舰使用的新式火控仪的测试版。J国所有舰船命中+2",
        "furniture": [],
        "cookbook": [],
        "picId": "",
        "evoType": "0",
        "canDismantle": "0",
        "dropDesc": "",
        "buffEffect": {
            "country": 1,
            "ship_type": 0,
            "attr": "Hit",
            "val": 2
        },
        "effectDesc": "J国所有舰船命中+2"
    },
    {
        "cid": 11043,
        "type": "0",
        "title": "莫尼特",
        "icon": "",
        "dismantle": "0",
        "desc": "这个圣物是最早的炮塔。所有战列舰火力+2",
        "furniture": [],
        "cookbook": [],
        "picId": "",
        "evoType": "0",
        "canDismantle": "0",
        "dropDesc": "",
        "buffEffect": {
            "country": 0,
            "ship_type": 4,
            "attr": "Atk",
            "val": 2
        },
        "effectDesc": "所有战列舰火力+2"
    },
    {
        "cid": 11143,
        "type": "0",
        "title": "阿图岛战机",
        "icon": "",
        "dismantle": "0",
        "desc": "在小岛捡到的战机，似乎背后有机密故事。U国重巡洋舰对空+3",
        "furniture": [],
        "cookbook": [],
        "picId": "",
        "evoType": "0",
        "canDismantle": "0",
        "dropDesc": "",
        "buffEffect": {
            "country": 4,
            "ship_type": 7,
            "attr": "air_def",
            "val": 3
        },
        "effectDesc": "U国重巡洋舰对空+3"
    },
    {
        "cid": 11243,
        "type": "0",
        "title": "大剑（杰克）",
        "icon": "",
        "dismantle": "0",
        "desc": "“杰克”曾使用的武器，蕴含了某种强大的魔法力量。E战列巡洋舰火力+2",
        "furniture": [],
        "cookbook": [],
        "picId": "",
        "evoType": "0",
        "canDismantle": "0",
        "dropDesc": "",
        "buffEffect": {
            "country": 3,
            "ship_type": 6,
            "attr": "Atk",
            "val": 2
        },
        "effectDesc": "E国战列巡洋舰火力+2"
    },
    {
        "cid": 11343,
        "type": "0",
        "title": "长矛鱼雷",
        "icon": "",
        "dismantle": "0",
        "desc": "时刻警惕暗夜中的长矛。J国驱逐舰鱼雷+2",
        "furniture": [],
        "cookbook": [],
        "picId": "",
        "evoType": "0",
        "canDismantle": "0",
        "dropDesc": "",
        "buffEffect": {
            "country": 1,
            "ship_type": 12,
            "attr": "Torpedo",
            "val": 2
        },
        "effectDesc": "J国驱逐舰鱼雷+2"
    },
    {
        "cid": 11443,
        "type": "0",
        "title": "037战列艇 ",
        "icon": "",
        "dismantle": "0",
        "desc": "主炮纵列布置的迷你主力舰，战功卓著。C国所有舰船火力+3",
        "furniture": [],
        "cookbook": [],
        "picId": "",
        "evoType": "0",
        "canDismantle": "0",
        "dropDesc": "",
        "buffEffect": {
            "country": 8,
            "ship_type": 0,
            "attr": "Atk",
            "val": 3
        },
        "effectDesc": "C国所有舰船火力+3"
    },
    {
        "cid": 11543,
        "type": "0",
        "title": "马基.72",
        "icon": "",
        "dismantle": "0",
        "desc": "“一只会飞的猪”。I国所有舰船回避+3",
        "furniture": [],
        "cookbook": [],
        "picId": "",
        "evoType": "0",
        "canDismantle": "0",
        "dropDesc": "",
        "buffEffect": {
            "country": 5,
            "ship_type": 0,
            "attr": "Miss",
            "val": 3
        },
        "effectDesc": "I国所有舰船回避+3"
    },
    {
        "cid": 11643,
        "type": "0",
        "title": "桌面战记—深海篇",
        "icon": "",
        "dismantle": "0",
        "desc": "港区盛行的桌游，由于加入了众人喜爱的敌方舰队而火热异常，密苏里强力推荐。所有舰船幸运+1",
        "furniture": [],
        "cookbook": [],
        "picId": "",
        "evoType": "0",
        "canDismantle": "0",
        "dropDesc": "",
        "buffEffect": {
            "country": 0,
            "ship_type": 0,
            "attr": "Luck",
            "val": 1
        },
        "effectDesc": "所有舰船幸运+1"
    },
    {
        "cid": 11743,
        "type": "0",
        "title": "袭击舰炮塔",
        "icon": "",
        "dismantle": "0",
        "desc": "非常精准的武器。G国战列巡洋舰火力+2",
        "furniture": [],
        "cookbook": [],
        "picId": "",
        "evoType": "0",
        "canDismantle": "0",
        "dropDesc": "",
        "buffEffect": {
            "country": 2,
            "ship_type": 6,
            "attr": "Atk",
            "val": 2
        },
        "effectDesc": "G国战列巡洋舰火力+2"
    },
    {
        "cid": 11843,
        "type": "0",
        "title": "第八鱼雷机中队",
        "icon": "",
        "dismantle": "0",
        "desc": "“超低空立体攻击”。U国航空母舰命中+2",
        "furniture": [],
        "cookbook": [],
        "picId": "",
        "evoType": "0",
        "canDismantle": "0",
        "dropDesc": "",
        "buffEffect": {
            "country": 4,
            "ship_type": 1,
            "attr": "Hit",
            "val": 2
        },
        "effectDesc": "U国航空母舰命中+2"
    },
    {
        "cid": 11943,
        "type": "0",
        "title": "金笔",
        "icon": "",
        "dismantle": "0",
        "desc": "重要场合使用的签字金笔。所有战列舰对空+2",
        "furniture": [],
        "cookbook": [],
        "picId": "",
        "evoType": "0",
        "canDismantle": "0",
        "dropDesc": "",
        "buffEffect": {
            "country": 0,
            "ship_type": 4,
            "attr": "air_def",
            "val": 2
        },
        "effectDesc": "所有战列舰对空+2"
    },
    {
        "cid": 12043,
        "type": "0",
        "title": "不列颠战机",
        "icon": "",
        "dismantle": "0",
        "desc": "上空的鹰保卫着天空的安宁。E国所有舰船对空+3",
        "furniture": [],
        "cookbook": [],
        "picId": "",
        "evoType": "0",
        "canDismantle": "0",
        "dropDesc": "",
        "buffEffect": {
            "country": 3,
            "ship_type": 0,
            "attr": "air_def",
            "val": 3
        },
        "effectDesc": "E国所有舰船对空+3"
    },
    {
        "cid": 12143,
        "type": "0",
        "title": "海权",
        "icon": "",
        "dismantle": "0",
        "desc": "航速加火力优势等于海权。所有战列巡洋舰命中+2",
        "furniture": [],
        "cookbook": [],
        "picId": "",
        "evoType": "0",
        "canDismantle": "0",
        "dropDesc": "",
        "buffEffect": {
            "country": 0,
            "ship_type": 6,
            "attr": "Hit",
            "val": 2
        },
        "effectDesc": "所有战列巡洋舰命中+2"
    },
    {
        "cid": 12243,
        "type": "0",
        "title": "瓦伦丁",
        "icon": "",
        "dismantle": "0",
        "desc": "战场上的钢铁女神。所有战列舰装甲+2",
        "furniture": [],
        "cookbook": [],
        "picId": "",
        "evoType": "0",
        "canDismantle": "0",
        "dropDesc": "",
        "buffEffect": {
            "country": 0,
            "ship_type": 4,
            "attr": "Def",
            "val": 2
        },
        "effectDesc": "所有战列舰装甲+2"
    },
    {
        "cid": 12343,
        "type": "0",
        "title": "PT快艇",
        "icon": "",
        "dismantle": "0",
        "desc": "“小小的身躯蕴含巨大的战斗力”。U国所有舰船鱼雷+3",
        "furniture": [],
        "cookbook": [],
        "picId": "",
        "evoType": "0",
        "canDismantle": "0",
        "dropDesc": "",
        "buffEffect": {
            "country": 4,
            "ship_type": 0,
            "attr": "Torpedo",
            "val": 3
        },
        "effectDesc": "U国所有舰船鱼雷+3"
    },
    {
        "cid": 12443,
        "type": "0",
        "title": "扭曲烟突",
        "icon": "",
        "dismantle": "0",
        "desc": "“长期以来是最为人熟知的战列舰”。J国战列舰火力+3",
        "furniture": [],
        "cookbook": [],
        "picId": "",
        "evoType": "0",
        "canDismantle": "0",
        "dropDesc": "",
        "buffEffect": {
            "country": 1,
            "ship_type": 4,
            "attr": "Atk",
            "val": 3
        },
        "effectDesc": "J国战列舰火力+3"
    },
    {
        "cid": 12543,
        "type": "0",
        "title": "拖拉机",
        "icon": "",
        "dismantle": "0",
        "desc": "保卫战里用拖拉机改造的坦克。S国所有舰船命中+3",
        "furniture": [],
        "cookbook": [],
        "picId": "",
        "evoType": "0",
        "canDismantle": "0",
        "dropDesc": "",
        "buffEffect": {
            "country": 7,
            "ship_type": 0,
            "attr": "Hit",
            "val": 3
        },
        "effectDesc": "S国所有舰船命中+3"
    },
    {
        "cid": 12643,
        "type": "0",
        "title": "模拟磁带 ",
        "icon": "",
        "dismantle": "0",
        "desc": "“当年一份插错的磁带差点引发了核大战”。S国所有轻巡洋舰火力+3",
        "furniture": [],
        "cookbook": [],
        "picId": "",
        "evoType": "0",
        "canDismantle": "0",
        "dropDesc": "",
        "buffEffect": {
            "country": 7,
            "ship_type": 10,
            "attr": "Atk",
            "val": 3
        },
        "effectDesc": "S国所有轻巡洋舰火力+3"
    },
    {
        "cid": 12743,
        "type": "0",
        "title": "战列巡洋舰",
        "icon": "",
        "dismantle": "0",
        "desc": "“敌人发起了冲锋”。G国所有战列舰回避+2",
        "furniture": [],
        "cookbook": [],
        "picId": "",
        "evoType": "0",
        "canDismantle": "0",
        "dropDesc": "",
        "buffEffect": {
            "country": 2,
            "ship_type": 4,
            "attr": "Miss",
            "val": 2
        },
        "effectDesc": "G国所有战列舰回避+2"
    },
    {
        "cid": 12843,
        "type": "0",
        "title": "巨型飞艇",
        "icon": "",
        "dismantle": "0",
        "desc": "空中的巨人。G国战列舰火力+2",
        "furniture": [],
        "cookbook": [],
        "picId": "",
        "evoType": "0",
        "canDismantle": "0",
        "dropDesc": "",
        "buffEffect": {
            "country": 2,
            "ship_type": 4,
            "attr": "Atk",
            "val": 2
        },
        "effectDesc": "G国战列舰火力+2"
    },
    {
        "cid": 12943,
        "type": "0",
        "title": "八英寸连装炮",
        "icon": "",
        "dismantle": "0",
        "desc": "这座航母的主炮曾经“击沉”过巡洋舰。U国所有舰船命中+2",
        "furniture": [],
        "cookbook": [],
        "picId": "",
        "evoType": "0",
        "canDismantle": "0",
        "dropDesc": "",
        "buffEffect": {
            "country": 4,
            "ship_type": 0,
            "attr": "Hit",
            "val": 2
        },
        "effectDesc": "U国所有舰船命中+2"
    },
    {
        "cid": 13043,
        "type": "0",
        "title": "魔鬼鱼雷",
        "icon": "",
        "dismantle": "0",
        "desc": "不知道会不会炸，在哪儿炸的鱼雷。所有潜水艇鱼雷+2",
        "furniture": [],
        "cookbook": [],
        "picId": "",
        "evoType": "0",
        "canDismantle": "0",
        "dropDesc": "",
        "buffEffect": {
            "country": 0,
            "ship_type": 14,
            "attr": "Torpedo",
            "val": 2
        },
        "effectDesc": "所有潜水艇鱼雷+2"
    },
    {
        "cid": 13143,
        "type": "0",
        "title": "骑兵之剑",
        "icon": "",
        "dismantle": "0",
        "desc": "著名战列舰使用的武器",
        "furniture": [],
        "cookbook": [],
        "picId": "",
        "evoType": "0",
        "canDismantle": "0",
        "dropDesc": "",
        "buffEffect": {
            "country": 6,
            "ship_type": 4,
            "attr": "Atk",
            "val": 2
        },
        "effectDesc": "F国战列舰火力+2"
    },
    {
        "cid": 10144,
        "type": "0",
        "title": "厌战贝壳",
        "icon": "",
        "dismantle": "0",
        "desc": "厌战珍藏的贝壳，是皇家海军代代相传的秘宝，只赠予真正能够征服海洋的人。",
        "furniture": [],
        "cookbook": [],
        "picId": "",
        "evoType": "0",
        "canDismantle": "0",
        "dropDesc": "",
        "buffEffect": "0",
        "effectDesc": ""
    },
    {
        "cid": 10244,
        "type": "0",
        "title": "圣杯",
        "icon": "",
        "dismantle": "0",
        "desc": "英雄X的秘宝，相传可以实现愿望，但要付出对等的代价。",
        "furniture": [],
        "cookbook": [],
        "picId": "",
        "evoType": "0",
        "canDismantle": "0",
        "dropDesc": "",
        "buffEffect": "0",
        "effectDesc": ""
    },
    {
        "cid": 10344,
        "type": "0",
        "title": "萨克斯",
        "icon": "",
        "dismantle": "0",
        "desc": "由皇家海军军乐队所保管的乐器，只有真正与音乐相通之人才能演奏它，相传该乐器发出的音乐可以治愈一切心灵上的伤痛。",
        "furniture": [],
        "cookbook": [],
        "picId": "",
        "evoType": "0",
        "canDismantle": "0",
        "dropDesc": "",
        "buffEffect": "0",
        "effectDesc": ""
    },
    {
        "cid": 10444,
        "type": "0",
        "title": "大和的角",
        "icon": "",
        "dismantle": "0",
        "desc": "心疼大和……",
        "furniture": [],
        "cookbook": [],
        "picId": "",
        "evoType": "0",
        "canDismantle": "0",
        "dropDesc": "",
        "buffEffect": "0",
        "effectDesc": ""
    },
    {
        "cid": 10544,
        "type": "0",
        "title": "神秘补给品",
        "icon": "",
        "dismantle": "0",
        "desc": "只是补给品而已，奖励勤劳的提督。",
        "furniture": [],
        "cookbook": [],
        "picId": "",
        "evoType": "0",
        "canDismantle": "0",
        "dropDesc": "",
        "buffEffect": "0",
        "effectDesc": ""
    },
    {
        "cid": 10644,
        "type": "0",
        "title": "咖啡机",
        "icon": "",
        "dismantle": "0",
        "desc": "设计精美的咖啡机，可以泡出很好喝的咖啡。",
        "furniture": [],
        "cookbook": [],
        "picId": "",
        "evoType": "0",
        "canDismantle": "0",
        "dropDesc": "",
        "buffEffect": "0",
        "effectDesc": ""
    },
    {
        "cid": 10744,
        "type": "0",
        "title": "精美项链",
        "icon": "",
        "dismantle": "0",
        "desc": "世界最大的连锁百货超市对于购买了它们所有家具的人送出的精美礼品。",
        "furniture": [],
        "cookbook": [],
        "picId": "",
        "evoType": "0",
        "canDismantle": "0",
        "dropDesc": "",
        "buffEffect": "0",
        "effectDesc": ""
    },
    {
        "cid": 10844,
        "type": "0",
        "title": "宁海一号",
        "icon": "",
        "dismantle": "0",
        "desc": "宁海用于观摩各国舰娘训练的侦察机，记录了大量珍贵资料。",
        "furniture": [],
        "cookbook": [],
        "picId": "",
        "evoType": "0",
        "canDismantle": "0",
        "dropDesc": "",
        "buffEffect": "0",
        "effectDesc": ""
    },
    {
        "cid": 10944,
        "type": "0",
        "title": "金锚",
        "icon": "",
        "dismantle": "0",
        "desc": "黄金制成的船锚，是古代海盗王的遗产。",
        "furniture": [],
        "cookbook": [],
        "picId": "",
        "evoType": "0",
        "canDismantle": "0",
        "dropDesc": "",
        "buffEffect": "0",
        "effectDesc": ""
    },
    {
        "cid": 11044,
        "type": "0",
        "title": "MK7",
        "icon": "",
        "dismantle": "0",
        "desc": "参观用MK7，不可用于实战。",
        "furniture": [],
        "cookbook": [],
        "picId": "",
        "evoType": "0",
        "canDismantle": "0",
        "dropDesc": "",
        "buffEffect": "0",
        "effectDesc": ""
    },
    {
        "cid": 11144,
        "type": "0",
        "title": "地球仪",
        "icon": "",
        "dismantle": "0",
        "desc": "我们的旅程，正如同这蔚蓝的星球一般，永远不会停止“转动”。",
        "furniture": [],
        "cookbook": [],
        "picId": "",
        "evoType": "0",
        "canDismantle": "0",
        "dropDesc": "",
        "buffEffect": "0",
        "effectDesc": ""
    },
    {
        "cid": 11244,
        "type": "0",
        "title": "翔鹤镰刀",
        "icon": "",
        "dismantle": "0",
        "desc": "财团X的新企划，似乎隐藏着不可告人的秘密。",
        "furniture": [],
        "cookbook": [],
        "picId": "",
        "evoType": "0",
        "canDismantle": "0",
        "dropDesc": "",
        "buffEffect": "0",
        "effectDesc": ""
    },
    {
        "cid": 11344,
        "type": "0",
        "title": "坚硬的角",
        "icon": "",
        "dismantle": "0",
        "desc": "整体散发着奇异香味的角，似乎是海鲜味？因为找不到合适的底座，所以用泡面盒暂时代替。",
        "furniture": [],
        "cookbook": [],
        "picId": "",
        "evoType": "0",
        "canDismantle": "0",
        "dropDesc": "",
        "buffEffect": "0",
        "effectDesc": ""
    },
    {
        "cid": 11444,
        "type": "0",
        "title": "爱丽丝的画中世界",
        "icon": "",
        "dismantle": "0",
        "desc": "某位少女留下的绘本，萦绕着神秘的气息。要不要…来一场奇幻冒险？",
        "furniture": [],
        "cookbook": [],
        "picId": "",
        "evoType": "0",
        "canDismantle": "0",
        "dropDesc": "",
        "buffEffect": "0",
        "effectDesc": ""
    },
    {
        "cid": 11544,
        "type": "0",
        "title": "巴黎之夜（卡通版）",
        "icon": "",
        "dismantle": "0",
        "desc": "巴黎的夜景，在这一刻尽收眼底，虽然只是卡通，但十分逼真，甚至比原版都更有魅力。",
        "furniture": [],
        "cookbook": [],
        "picId": "",
        "evoType": "0",
        "canDismantle": "0",
        "dropDesc": "",
        "buffEffect": "0",
        "effectDesc": ""
    },
    {
        "cid": 11644,
        "type": "0",
        "title": "龙虾之道",
        "icon": "",
        "dismantle": "0",
        "desc": "汇聚了众多元气凝聚而成的“道”，仿佛蕴藏着宇宙的真理……",
        "furniture": [],
        "cookbook": [],
        "picId": "",
        "evoType": "0",
        "canDismantle": "0",
        "dropDesc": "",
        "buffEffect": "0",
        "effectDesc": ""
    },
    {
        "cid": 11744,
        "type": "0",
        "title": "不灭的油灯",
        "icon": "",
        "dismantle": "0",
        "desc": "这是一台不会熄灭的油灯，时时刻刻照亮着匠人们的工作台。",
        "furniture": [],
        "cookbook": [],
        "picId": "",
        "evoType": "0",
        "canDismantle": "0",
        "dropDesc": "",
        "buffEffect": "0",
        "effectDesc": ""
    },
    {
        "cid": 11844,
        "type": "0",
        "title": "武藏的角",
        "icon": "",
        "dismantle": "0",
        "desc": "心疼武藏……",
        "furniture": [],
        "cookbook": [],
        "picId": "",
        "evoType": "0",
        "canDismantle": "0",
        "dropDesc": "",
        "buffEffect": "0",
        "effectDesc": ""
    },
    {
        "cid": 10145,
        "type": "0",
        "title": "默认风格",
        "icon": "",
        "dismantle": "0",
        "desc": "正午的阳光洒在身上，让人睡意盎然。",
        "furniture": [],
        "cookbook": [],
        "picId": "",
        "evoType": "0",
        "canDismantle": "0",
        "dropDesc": "采光良好的办公室，摆放着若干装饰。（默认获得）",
        "buffEffect": "0",
        "effectDesc": ""
    },
    {
        "cid": 10245,
        "type": "0",
        "title": "提督室装饰-地中海",
        "icon": "",
        "dismantle": "0",
        "desc": "舒适的海风为美好的一天拉开了序幕，嗯——开始今天的工作吧！",
        "furniture": [],
        "cookbook": [],
        "picId": "",
        "evoType": "0",
        "canDismantle": "0",
        "dropDesc": "以地中海风格装饰的办公室，广受好评。（可以在战利品商店中用功勋兑换获得）",
        "buffEffect": "0",
        "effectDesc": ""
    },
    {
        "cid": 10146,
        "type": "0",
        "title": "默认风格",
        "icon": "",
        "dismantle": "0",
        "desc": "好友来的时候必须先参观荣誉室！——港区第二十三条规定。",
        "furniture": [],
        "cookbook": [],
        "picId": "",
        "evoType": "0",
        "canDismantle": "0",
        "dropDesc": "自己搭建的荣誉室，可以把所有的荣誉勋章和收藏都放上去填满。",
        "buffEffect": "0",
        "effectDesc": ""
    },
    {
        "cid": 10246,
        "type": "0",
        "title": "荣誉军团",
        "icon": "",
        "dismantle": "0",
        "desc": "做出过卓越贡献的人将永远被历史铭记，而他们将永远归属于荣誉军团。",
        "furniture": [],
        "cookbook": [],
        "picId": "",
        "evoType": "0",
        "canDismantle": "0",
        "dropDesc": "金碧辉煌的荣誉室，由黎塞留带领F国舰娘建成。（可在战利品商店通过功勋购买获得）",
        "buffEffect": "0",
        "effectDesc": ""
    },
    {
        "cid": 10018171,
        "type": "0",
        "title": "家用主机PR5",
        "icon": "",
        "dismantle": "0",
        "desc": "港区购买的新款家用主机，支持海量游戏。",
        "furniture": [],
        "cookbook": [],
        "picId": "",
        "evoType": "0",
        "canDismantle": "0",
        "dropDesc": "",
        "buffEffect": "0",
        "effectDesc": ""
    },
    {
        "cid": 10018371,
        "type": "0",
        "title": "新版家用主机NX",
        "icon": "",
        "dismantle": "0",
        "desc": "某公司出产的新版家用主机，虽然游戏少，但是提尔比茨很喜欢玩。",
        "furniture": [],
        "cookbook": [],
        "picId": "",
        "evoType": "0",
        "canDismantle": "0",
        "dropDesc": "",
        "buffEffect": "0",
        "effectDesc": ""
    },
    {
        "cid": 10018971,
        "type": "0",
        "title": "立体全息投影装置",
        "icon": "",
        "dismantle": "0",
        "desc": "由科研部制作的新式道具，可以投影出galo的立体全息影像，能够识别指令并做出回应。",
        "furniture": [],
        "cookbook": [],
        "picId": "",
        "evoType": "0",
        "canDismantle": "0",
        "dropDesc": "",
        "buffEffect": "0",
        "effectDesc": ""
    },
    {
        "cid": 10019271,
        "type": "0",
        "title": "多功能燃气灶",
        "icon": "",
        "dismantle": "0",
        "desc": "将烤箱与燃气灶巧妙的结合在一起，能更为便捷的处理厨房的事务。",
        "furniture": [],
        "cookbook": [],
        "picId": "",
        "evoType": "0",
        "canDismantle": "0",
        "dropDesc": "",
        "buffEffect": "0",
        "effectDesc": ""
    },
    {
        "cid": 10101871,
        "type": "0",
        "title": "流动的盛宴",
        "icon": "",
        "dismantle": "0",
        "desc": "这是一座非常古老的城市，这里什么都不简单，甚至贫穷、意外所得的钱财、月光、是与非，以及那在月光下睡在你身边的人的呼吸，都不简单。",
        "furniture": [],
        "cookbook": [],
        "picId": "",
        "evoType": "0",
        "canDismantle": "0",
        "dropDesc": "",
        "buffEffect": "0",
        "effectDesc": ""
    },
    {
        "cid": 10023471,
        "type": "0",
        "title": "银饰雕花靠椅",
        "icon": "",
        "dismantle": "0",
        "desc": "美观、优雅的象征，价格不菲，据说，在某个靠椅的背上还刻着一个人的名字：Ernest Miller——后面似乎看不太清了。",
        "furniture": [],
        "cookbook": [],
        "picId": "",
        "evoType": "0",
        "canDismantle": "0",
        "dropDesc": "",
        "buffEffect": "0",
        "effectDesc": ""
    },
    {
        "cid": 10023571,
        "type": "0",
        "title": "银饰圆桌",
        "icon": "",
        "dismantle": "0",
        "desc": "丁香咖啡馆为了吸引顾客而采购的新桌子，大气、美观。这里很适合在充满阳光的午后点一杯咖啡，开始一天的创作。",
        "furniture": [],
        "cookbook": [],
        "picId": "",
        "evoType": "0",
        "canDismantle": "0",
        "dropDesc": "",
        "buffEffect": "0",
        "effectDesc": ""
    },
    {
        "cid": 10023671,
        "type": "0",
        "title": "今日特价菜",
        "icon": "",
        "dismantle": "0",
        "desc": "丁香咖啡馆每天的特价菜展览牌，昨天是毕加索通心面，今天似乎是海明威胡椒牛排……",
        "furniture": [],
        "cookbook": [],
        "picId": "",
        "evoType": "0",
        "canDismantle": "0",
        "dropDesc": "",
        "buffEffect": "0",
        "effectDesc": ""
    },
    {
        "cid": 10023771,
        "type": "0",
        "title": "散书书架",
        "icon": "",
        "dismantle": "0",
        "desc": "海瑟薇书店供路人休息时翻阅的书架和座位，没有什么装饰，许多作家都会在这里停留，也因此这里一直被视为这座城市最富有的地方。",
        "furniture": [],
        "cookbook": [],
        "picId": "",
        "evoType": "0",
        "canDismantle": "0",
        "dropDesc": "",
        "buffEffect": "0",
        "effectDesc": ""
    },
    {
        "cid": 10029071,
        "type": "0",
        "title": "胜利号船模",
        "icon": "",
        "dismantle": "0",
        "desc": "象征着胜利、荣耀与责任，是皇家海军永远不变的信仰。",
        "furniture": [],
        "cookbook": [],
        "picId": "",
        "evoType": "0",
        "canDismantle": "0",
        "dropDesc": "",
        "buffEffect": "0",
        "effectDesc": ""
    },
    {
        "cid": 10001972,
        "type": "0",
        "title": "羊羹",
        "icon": "",
        "dismantle": "0",
        "desc": "这个点心里没有羊肉。是深受J国人喜爱的豆制果冻型食品，是J国茶道中一种著名的茶点。",
        "furniture": [],
        "cookbook": [],
        "picId": "",
        "evoType": "0",
        "canDismantle": "0",
        "dropDesc": "",
        "buffEffect": "0",
        "effectDesc": ""
    },
    {
        "cid": 10002172,
        "type": "0",
        "title": "马卡龙",
        "icon": "",
        "dismantle": "0",
        "desc": "F国甜点，经过几次对原料的改进后才成了现在的模样，因为其色彩鲜艳，外形可爱，深得年轻人的喜爱。",
        "furniture": [],
        "cookbook": [],
        "picId": "",
        "evoType": "0",
        "canDismantle": "0",
        "dropDesc": "",
        "buffEffect": "0",
        "effectDesc": ""
    },
    {
        "cid": 10002272,
        "type": "0",
        "title": "黑列巴",
        "icon": "",
        "dismantle": "0",
        "desc": "以面粉、燕麦、荞麦为原料烤制而成的黑面包，S国最常见的主食，放了两天后的硬度甚至可以当武器，保质期极长。",
        "furniture": [],
        "cookbook": [],
        "picId": "",
        "evoType": "0",
        "canDismantle": "0",
        "dropDesc": "",
        "buffEffect": "0",
        "effectDesc": ""
    },
    {
        "cid": 10030571,
        "type": "0",
        "title": "阿芙乐尔船模",
        "icon": "",
        "dismantle": "0",
        "desc": "著名巡洋舰阿芙乐尔的船模。",
        "furniture": [],
        "cookbook": [],
        "picId": "",
        "evoType": "0",
        "canDismantle": "0",
        "dropDesc": "",
        "buffEffect": "0",
        "effectDesc": ""
    }
]