[
    {
        "id": 101,
        "title": "纳尔维克海战",
        "difficulty": 1,
        "desc": "1940年，9艘G国驱逐舰进攻挪威纳尔维克并占领了这里。得到消息的E国驱逐舰部队决定反扑。虽然参战的第二驱逐舰队只有5艘驱逐舰，但是指挥官依然决定果断进攻港内G军。",
        "campaignId": 1,
        "needPveLevelId": 102,
        "needCampaignLevelId": "0",
        "fleetType": 1,
        "mapId": 101,
        "productItem": 10441,
        "npcFromationId": 2010001001,
        "productAward": {
            "2": 10,
            "3": 10,
            "4": 100,
            "9": 10
        },
        "unlockDesc": "通关关卡1-2后开启",
        "itemDropDesc": "20%",
        "bgSea": "BG_Ice",
        "itemDropName": "驱逐改造核心"
    },
    {
        "id": 102,
        "title": "纳尔维克海战",
        "difficulty": 2,
        "desc": "1940年，9艘G国驱逐舰进攻挪威纳尔维克并占领了这里。得到消息的E国驱逐舰部队决定反扑。虽然参战的第二驱逐舰队只有5艘驱逐舰，但是指挥官依然决定果断进攻港内G军。",
        "campaignId": 1,
        "needPveLevelId": "0",
        "needCampaignLevelId": 101,
        "fleetType": 2,
        "fleetRule": [
            12,
            12,
            12,
            12,
            12,
            12
        ],
        "mapId": 102,
        "productItem": 10441,
        "npcFromationId": 2010001002,
        "productAward": {
            "2": 50,
            "3": 50,
            "4": 200,
            "9": 50
        },
        "unlockDesc": "通关普通难度后开启",
        "itemDropDesc": "60%",
        "bgSea": "BG_Ice",
        "itemDropName": "驱逐改造核心"
    },
    {
        "id": 201,
        "title": "马塔潘角海战",
        "difficulty": 1,
        "desc": "1941年初，I国海军舰队驶向克里特岛，企图在该岛附近海域袭击可能出现的E国护航运输队，却被E国侦察机发现。次日E国舰队出击，在克里特岛迎击I国舰队。",
        "campaignId": 2,
        "needPveLevelId": 104,
        "needCampaignLevelId": "0",
        "fleetType": 1,
        "mapId": 201,
        "productItem": 10341,
        "npcFromationId": 2010002001,
        "productAward": {
            "2": 100,
            "3": 10,
            "4": 10,
            "9": 10
        },
        "unlockDesc": "通关关卡1-4后开启",
        "itemDropDesc": "20%",
        "bgSea": "BG_Mediterranean",
        "itemDropName": "巡洋改造核心"
    },
    {
        "id": 202,
        "title": "马塔潘角海战",
        "difficulty": 2,
        "desc": "1941年初，I国海军舰队驶向克里特岛，企图在该岛附近海域袭击可能出现的E国护航运输队，却被E国侦察机发现。次日E国舰队出击，在克里特岛迎击I国舰队。",
        "campaignId": 2,
        "needPveLevelId": "0",
        "needCampaignLevelId": 201,
        "fleetType": 2,
        "fleetRule": [
            4,
            7,
            7,
            10,
            10,
            12
        ],
        "mapId": 202,
        "productItem": 10341,
        "npcFromationId": 2010002002,
        "productAward": {
            "2": 200,
            "3": 50,
            "4": 50,
            "9": 50
        },
        "unlockDesc": "通关普通难度后开启",
        "itemDropDesc": "60%",
        "bgSea": "BG_Mediterranean",
        "itemDropName": "巡洋改造核心"
    },
    {
        "id": 301,
        "title": "丹麦海峡海战",
        "difficulty": 1,
        "desc": "1941年中旬，G军派出最强战列舰俾斯麦试图突入大西洋进行破交作战，E国人发现了俾斯麦的行踪并进行阻击，拦截俾斯麦的胡德号和威尔士亲王号同G国舰队在丹麦海峡爆发了激烈的战斗。",
        "campaignId": 3,
        "needPveLevelId": 202,
        "needCampaignLevelId": "0",
        "fleetType": 1,
        "mapId": 301,
        "productItem": 10241,
        "npcFromationId": 2010003001,
        "productAward": {
            "2": 10,
            "3": 10,
            "4": 100,
            "9": 10
        },
        "unlockDesc": "通关关卡2-2后开启",
        "itemDropDesc": "20%",
        "bgSea": "BG_Ice",
        "itemDropName": "战列改造核心"
    },
    {
        "id": 302,
        "title": "丹麦海峡海战",
        "difficulty": 2,
        "desc": "1941年中旬，G军派出最强战列舰俾斯麦试图突入大西洋进行破交作战，E国人发现了俾斯麦的行踪并进行阻击，拦截俾斯麦的胡德号和威尔士亲王号同G国舰队在丹麦海峡爆发了激烈的战斗。",
        "campaignId": 3,
        "needPveLevelId": "0",
        "needCampaignLevelId": 301,
        "fleetType": 2,
        "fleetRule": [
            6,
            4,
            7,
            7,
            12,
            12
        ],
        "mapId": 302,
        "productItem": 10241,
        "npcFromationId": 2010003002,
        "productAward": {
            "2": 50,
            "3": 50,
            "4": 200,
            "9": 50
        },
        "unlockDesc": "通关普通难度后开启",
        "itemDropDesc": "60%",
        "bgSea": "BG_Ice",
        "itemDropName": "战列改造核心"
    },
    {
        "id": 401,
        "title": "珊瑚海海战",
        "difficulty": 1,
        "desc": "1942年初，J军占领东南亚广大地区后，决定向西南太平洋推进，以掌握该地区制海权和制空权；U军截获J军行动情报后，U国太平洋舰队第17特混舰队在珊瑚海阻击。",
        "campaignId": 4,
        "needPveLevelId": 204,
        "needCampaignLevelId": "0",
        "fleetType": 1,
        "mapId": 401,
        "productItem": 10141,
        "npcFromationId": 2010004001,
        "productAward": {
            "2": 10,
            "3": 10,
            "4": 10,
            "9": 65
        },
        "unlockDesc": "通关关卡2-4后开启",
        "itemDropDesc": "20%",
        "bgSea": "BG_Philippine_Sea",
        "itemDropName": "航母改造核心"
    },
    {
        "id": 402,
        "title": "珊瑚海海战",
        "difficulty": 2,
        "desc": "1942年初，J军占领东南亚广大地区后，决定向西南太平洋推进，以掌握该地区制海权和制空权；U军截获J军行动情报后，U国太平洋舰队第17特混舰队在珊瑚海阻击。",
        "campaignId": 4,
        "needPveLevelId": "0",
        "needCampaignLevelId": 401,
        "fleetType": 2,
        "fleetRule": [
            1,
            1,
            12,
            12,
            12,
            12
        ],
        "mapId": 402,
        "productItem": 10141,
        "npcFromationId": 2010004002,
        "productAward": {
            "2": 50,
            "3": 50,
            "4": 50,
            "9": 130
        },
        "unlockDesc": "通关普通难度后开启",
        "itemDropDesc": "60%",
        "bgSea": "BG_Philippine_Sea",
        "itemDropName": "航母改造核心"
    },
    {
        "id": 501,
        "title": "海峡伏击战",
        "difficulty": 1,
        "desc": "在潜艇诞生之初，各国对其能力均持怀疑态度。即使是以潜艇著名的德国海军，最初潜艇也不太被重视。然而14年的一次战斗，潜艇却彻底证明了自己。小小的U-9潜艇利用自身的优势连续击沉三艘万吨巡洋舰，震惊了世界，而面对潜艇这一新式武器，英国巡洋舰表现得手足无措。从此，潜艇战和反潜战正式走上战争舞台。",
        "campaignId": 5,
        "needPveLevelId": 302,
        "needCampaignLevelId": "0",
        "fleetType": 1,
        "mapId": 501,
        "productItem": 10541,
        "npcFromationId": 2010005001,
        "productAward": {
            "2": 50,
            "3": 50,
            "4": 10,
            "9": 10
        },
        "unlockDesc": "通关关卡3-2后开启",
        "itemDropDesc": "20%",
        "bgSea": "BG_Ice",
        "itemDropName": "潜艇改造核心"
    },
    {
        "id": 502,
        "title": "海峡伏击战",
        "difficulty": 2,
        "desc": "在潜艇诞生之初，各国对其能力均持怀疑态度。即使是以潜艇著名的德国海军，最初潜艇也不太被重视。然而14年的一次战斗，潜艇却彻底证明了自己。小小的U-9潜艇利用自身的优势连续击沉三艘万吨巡洋舰，震惊了世界，而面对潜艇这一新式武器，英国巡洋舰表现得手足无措。从此，潜艇战和反潜战正式走上战争舞台。",
        "campaignId": 5,
        "needPveLevelId": "0",
        "needCampaignLevelId": 501,
        "fleetType": 2,
        "fleetRule": [
            14,
            14,
            14,
            -1,
            -1,
            -1
        ],
        "mapId": 502,
        "productItem": 10541,
        "npcFromationId": 2010005002,
        "productAward": {
            "2": 100,
            "3": 100,
            "4": 50,
            "9": 50
        },
        "unlockDesc": "通关普通难度后开启",
        "itemDropDesc": "60%",
        "bgSea": "BG_Ice",
        "itemDropName": "潜艇改造核心"
    }
]