[
    {
        "cid": 11145,
        "title": "默认风格lv1",
        "type": 1,
        "level": 1,
        "popularity": "0",
        "desc": "很普通的餐厅，西式的装修风格，齐全的食材和工具，可以供舰娘们做自己喜欢吃的东西。",
        "table": 10090171,
        "chair": 10090271,
        "totalPopularity": "0"
    },
    {
        "cid": 11245,
        "title": "默认风格lv2",
        "type": 1,
        "level": 2,
        "popularity": 500,
        "desc": "加入了单人座椅，可以容纳更多的人，同时多了不少海报，似乎是谁偷偷放上去想引起主厨注意……",
        "table": 10090171,
        "chair": 10090271,
        "totalPopularity": 500
    },
    {
        "cid": 11345,
        "title": "默认风格lv3",
        "type": 1,
        "level": 3,
        "popularity": 1000,
        "desc": "港区精心装修的餐厅，在总督府的资金支持下建成。只有广受好评、声名远播的港区餐厅才能有此待遇。",
        "table": 10090371,
        "chair": 10090471,
        "totalPopularity": 1500
    },
    {
        "cid": 11445,
        "title": "中式风格lv1",
        "type": 2,
        "level": 1,
        "popularity": 2000,
        "desc": "在C国舰娘的努力下建成的中式餐厅，保留了浓厚的中国古典韵味，广受好评。据说平海正在努力练习报菜名。",
        "table": 10090571,
        "chair": 10090671,
        "totalPopularity": 3500
    },
    {
        "cid": 11545,
        "title": "海之韵味lv1",
        "type": 3,
        "level": 1,
        "popularity": 6500,
        "desc": "这里仿佛置身于海底一般，真想和鱼儿一起在水中起舞——在那之前，先填饱肚子吧。",
        "table": 10090971,
        "chair": 10091071,
        "totalPopularity": 10000
    }
]