[
    {
        "id": 1,
        "title": "海军资历勋章",
        "icon": "medal_1",
        "condition": {
            "1": "100",
            "2": "200",
            "3": "300",
            "4": "400",
            "5": "600",
            "6": "800"
        },
        "subTitle": {
            "1": "一级",
            "2": "二级",
            "3": "三级",
            "4": "四级",
            "5": "五级",
            "6": "六级"
        },
        "rlsLevel": 6,
        "cDesc1": {
            "1": "^C454545FF00000000纪念^C1C8BE5FF00000000收集舰船^C454545FF00000000达到^C1C8BE5FF00000000100艘",
            "2": "^C454545FF00000000纪念^C1C8BE5FF00000000收集舰船^C454545FF00000000达到^C1C8BE5FF00000000200艘",
            "3": "^C454545FF00000000纪念^C1C8BE5FF00000000收集舰船^C454545FF00000000达到^C1C8BE5FF00000000300艘",
            "4": "^C454545FF00000000纪念^C1C8BE5FF00000000收集舰船^C454545FF00000000达到^C1C8BE5FF00000000400艘",
            "5": "^C454545FF00000000纪念^C1C8BE5FF00000000收集舰船^C454545FF00000000达到^C1C8BE5FF00000000600艘",
            "6": "^C454545FF00000000纪念^C1C8BE5FF00000000收集舰船^C454545FF00000000达到^C1C8BE5FF00000000800艘"
        },
        "cDesc2": {
            "1": "",
            "2": "",
            "3": "",
            "4": "",
            "5": "",
            "6": ""
        },
        "introduce1": {
            "1": "^C454545FF00000000这个勋章是为了纪念舰队逐步壮大而设立，随着成就不同，勋章材质也会不同",
            "2": "^C454545FF00000000这个勋章是为了纪念舰队逐步壮大而设立，随着成就不同，勋章材质也会不同",
            "3": "^C454545FF00000000这个勋章是为了纪念舰队逐步壮大而设立，随着成就不同，勋章材质也会不同",
            "4": "^C454545FF00000000这个勋章是为了纪念舰队逐步壮大而设立，随着成就不同，勋章材质也会不同",
            "5": "^C454545FF00000000这个勋章是为了纪念舰队逐步壮大而设立，随着成就不同，勋章材质也会不同",
            "6": "^C454545FF00000000这个勋章是为了纪念舰队逐步壮大而设立，随着成就不同，勋章材质也会不同"
        },
        "introduce2": {
            "1": "",
            "2": "",
            "3": "",
            "4": "",
            "5": "",
            "6": ""
        },
        "startTime": "",
        "endTime": ""
    },
    {
        "id": 2,
        "title": "巡洋四海勋章",
        "icon": "medal_2",
        "condition": {
            "1": "5000",
            "2": "10000",
            "3": "20000",
            "4": "50000",
            "5": "100000"
        },
        "subTitle": {
            "1": "一级",
            "2": "二级",
            "3": "三级",
            "4": "四级",
            "5": "五级"
        },
        "rlsLevel": 5,
        "cDesc1": {
            "1": "^C454545FF00000000纪念^C1C8BE5FF00000000出征次数^C454545FF00000000达到^C1C8BE5FF000000005000次^C454545FF00000000，特此奖励",
            "2": "^C454545FF00000000纪念^C1C8BE5FF00000000出征次数^C454545FF00000000达到^C1C8BE5FF0000000010000次^C454545FF00000000，特此奖励",
            "3": "^C454545FF00000000纪念^C1C8BE5FF00000000出征次数^C454545FF00000000达到^C1C8BE5FF0000000020000次^C454545FF00000000，特此奖励",
            "4": "^C454545FF00000000纪念^C1C8BE5FF00000000出征次数^C454545FF00000000达到^C1C8BE5FF0000000050000次^C454545FF00000000，特此奖励",
            "5": "^C454545FF00000000纪念^C1C8BE5FF00000000出征次数^C454545FF00000000达到^C1C8BE5FF00000000100000次^C454545FF00000000，特此奖励"
        },
        "cDesc2": {
            "1": "",
            "2": "",
            "3": "",
            "4": "",
            "5": ""
        },
        "introduce1": {
            "1": "^C454545FF00000000该勋章设立以表彰和纪念带领舰队四处征战的指挥官",
            "2": "^C454545FF00000000该勋章设立以表彰和纪念带领舰队四处征战的指挥官",
            "3": "^C454545FF00000000该勋章设立以表彰和纪念带领舰队四处征战的指挥官",
            "4": "^C454545FF00000000该勋章设立以表彰和纪念带领舰队四处征战的指挥官",
            "5": "^C454545FF00000000该勋章设立以表彰和纪念带领舰队四处征战的指挥官"
        },
        "introduce2": {
            "1": "",
            "2": "",
            "3": "",
            "4": "",
            "5": ""
        },
        "startTime": "",
        "endTime": ""
    },
    {
        "id": 3,
        "title": "驱逐舰资历勋章",
        "icon": "medal_3",
        "condition": {
            "1": "1000",
            "2": "5000",
            "3": "10000",
            "4": "25000",
            "5": "50000"
        },
        "subTitle": {
            "1": "一级",
            "2": "二级",
            "3": "三级",
            "4": "四级",
            "5": "五级"
        },
        "rlsLevel": 5,
        "cDesc1": {
            "1": "^C454545FF00000000纪念通过掉落获得^C1C8BE5FF00000000驱逐舰 1000艘",
            "2": "^C454545FF00000000纪念通过掉落获得^C1C8BE5FF00000000驱逐舰 5000艘",
            "3": "^C454545FF00000000纪念通过掉落获得^C1C8BE5FF00000000驱逐舰 10000艘",
            "4": "^C454545FF00000000纪念通过掉落获得^C1C8BE5FF00000000驱逐舰 25000艘",
            "5": "^C454545FF00000000纪念于^C1C8BE5FF00000000驱逐舰舰种^C454545FF00000000上身经百战，通过掉落获得^C1C8BE5FF0000000050000艘"
        },
        "cDesc2": {
            "1": "浅水重炮舰，驱逐舰，补给舰皆满足条件",
            "2": "浅水重炮舰，驱逐舰，补给舰皆满足条件",
            "3": "浅水重炮舰，驱逐舰，补给舰皆满足条件",
            "4": "浅水重炮舰，驱逐舰，补给舰皆满足条件",
            "5": "浅水重炮舰，驱逐舰，补给舰皆满足条件"
        },
        "introduce1": {
            "1": "^C454545FF00000000该勋章设立以表彰指挥官在建设驱逐舰部队方面的成就",
            "2": "^C454545FF00000000该勋章设立以表彰指挥官在建设驱逐舰部队方面的成就",
            "3": "^C454545FF00000000该勋章设立以表彰指挥官在建设驱逐舰部队方面的成就",
            "4": "^C454545FF00000000该勋章设立以表彰指挥官在建设驱逐舰部队方面的成就",
            "5": "^C454545FF00000000该勋章设立以表彰指挥官在建设驱逐舰部队方面的成就"
        },
        "introduce2": {
            "1": "",
            "2": "",
            "3": "",
            "4": "",
            "5": ""
        },
        "startTime": "",
        "endTime": ""
    },
    {
        "id": 4,
        "title": "巡洋舰资历勋章",
        "icon": "medal_4",
        "condition": {
            "1": "1000",
            "2": "2000",
            "3": "5000",
            "4": "25000",
            "5": "50000"
        },
        "subTitle": {
            "1": "一级",
            "2": "二级",
            "3": "三级",
            "4": "四级",
            "5": "五级"
        },
        "rlsLevel": 5,
        "cDesc1": {
            "1": "^C454545FF00000000纪念通过掉落获得^C1C8BE5FF00000000巡洋舰 1000艘",
            "2": "^C454545FF00000000纪念通过掉落获得^C1C8BE5FF00000000巡洋舰 2000艘",
            "3": "^C454545FF00000000纪念通过掉落获得^C1C8BE5FF00000000巡洋舰 5000艘",
            "4": "^C454545FF00000000纪念通过掉落获得^C1C8BE5FF00000000巡洋舰 25000艘",
            "5": "^C454545FF00000000纪念身经百战，通过掉落获得^C1C8BE5FF0000000050000艘 巡洋舰"
        },
        "cDesc2": {
            "1": "重型巡洋舰，航空巡洋舰，重型雷装轻巡洋舰，轻型巡洋舰皆满足条件",
            "2": "重型巡洋舰，航空巡洋舰，重型雷装轻巡洋舰，轻型巡洋舰皆满足条件",
            "3": "重型巡洋舰，航空巡洋舰，重型雷装轻巡洋舰，轻型巡洋舰皆满足条件",
            "4": "重型巡洋舰，航空巡洋舰，重型雷装轻巡洋舰，轻型巡洋舰皆满足条件",
            "5": "重型巡洋舰，航空巡洋舰，重型雷装轻巡洋舰，轻型巡洋舰皆满足条件"
        },
        "introduce1": {
            "1": "^C454545FF00000000勋章设立以表彰指挥官建设巡洋舰部队成就，同时纪念了舰队的每次壮大",
            "2": "^C454545FF00000000勋章设立以表彰指挥官建设巡洋舰部队成就，同时纪念了舰队的每次壮大",
            "3": "^C454545FF00000000勋章设立以表彰指挥官建设巡洋舰部队成就，同时纪念了舰队的每次壮大",
            "4": "^C454545FF00000000勋章设立以表彰指挥官建设巡洋舰部队成就，同时纪念了舰队的每次壮大",
            "5": "^C454545FF00000000勋章设立以表彰指挥官建设巡洋舰部队成就，同时纪念了舰队的每次壮大"
        },
        "introduce2": {
            "1": "",
            "2": "",
            "3": "",
            "4": "",
            "5": ""
        },
        "startTime": "",
        "endTime": ""
    },
    {
        "id": 5,
        "title": "主力舰资历勋章",
        "icon": "medal_5",
        "condition": {
            "1": "1000",
            "2": "2000",
            "3": "5000",
            "4": "25000",
            "5": "50000"
        },
        "subTitle": {
            "1": "一级",
            "2": "二级",
            "3": "三级",
            "4": "四级",
            "5": "五级"
        },
        "rlsLevel": 5,
        "cDesc1": {
            "1": "^C454545FF00000000纪念通过掉落获得^C1C8BE5FF00000000主力舰 1000艘",
            "2": "^C454545FF00000000纪念通过掉落获得^C1C8BE5FF00000000主力舰 2000艘",
            "3": "^C454545FF00000000纪念通过掉落获得^C1C8BE5FF00000000主力舰 5000艘",
            "4": "^C454545FF00000000纪念身经百战，通过掉落获得^C1C8BE5FF00000000主力舰 25000艘^C454545FF00000000，特此奖励",
            "5": "^C454545FF00000000纪念通过掉落获得^C1C8BE5FF00000000主力舰 50000艘^C454545FF00000000，为表彰功绩，特此授予该勋章"
        },
        "cDesc2": {
            "1": "战列舰，战列巡洋舰皆满足条件",
            "2": "战列舰，战列巡洋舰皆满足条件",
            "3": "战列舰，战列巡洋舰皆满足条件",
            "4": "战列舰，战列巡洋舰皆满足条件",
            "5": "战列舰，战列巡洋舰皆满足条件"
        },
        "introduce1": {
            "1": "^C454545FF00000000该勋章显示了指挥官在主力舰方面的成就",
            "2": "^C454545FF00000000该勋章显示了指挥官在主力舰方面的成就",
            "3": "^C454545FF00000000该勋章显示了指挥官在主力舰方面的成就",
            "4": "^C454545FF00000000该勋章显示了指挥官在主力舰方面的成就",
            "5": "^C454545FF00000000该勋章显示了指挥官在主力舰方面的成就"
        },
        "introduce2": {
            "1": "",
            "2": "",
            "3": "",
            "4": "",
            "5": ""
        },
        "startTime": "",
        "endTime": ""
    },
    {
        "id": 6,
        "title": "潜艇资历勋章",
        "icon": "medal_6",
        "condition": {
            "1": "200",
            "2": "500",
            "3": "1000",
            "4": "5000",
            "5": "25000"
        },
        "subTitle": {
            "1": "一级",
            "2": "二级",
            "3": "三级",
            "4": "四级",
            "5": "五级"
        },
        "rlsLevel": 5,
        "cDesc1": {
            "1": "^C454545FF00000000纪念通过掉落获得^C1C8BE5FF00000000潜艇 200艘",
            "2": "^C454545FF00000000纪念通过掉落获得^C1C8BE5FF00000000潜艇 500艘",
            "3": "^C454545FF00000000纪念通过掉落获得^C1C8BE5FF00000000潜艇 1000艘",
            "4": "^C454545FF00000000纪念身经百战，通过掉落获得^C1C8BE5FF00000000潜艇 5000艘^C454545FF00000000，特此奖励",
            "5": "^C454545FF00000000纪念通过掉落获得^C1C8BE5FF00000000潜艇 25000艘^C454545FF00000000，为表彰功绩，特此授予该勋章"
        },
        "cDesc2": {
            "1": "潜水航空母舰，潜水艇，重炮潜艇皆满足条件",
            "2": "潜水航空母舰，潜水艇，重炮潜艇皆满足条件",
            "3": "潜水航空母舰，潜水艇，重炮潜艇皆满足条件",
            "4": "潜水航空母舰，潜水艇，重炮潜艇皆满足条件",
            "5": "潜水航空母舰，潜水艇，重炮潜艇皆满足条件"
        },
        "introduce1": {
            "1": "^C454545FF00000000该勋章设立以表彰指挥官在提高舰队水下作战能力方面所取得的成就",
            "2": "^C454545FF00000000该勋章设立以表彰指挥官在提高舰队水下作战能力方面所取得的成就",
            "3": "^C454545FF00000000该勋章设立以表彰指挥官在提高舰队水下作战能力方面所取得的成就",
            "4": "^C454545FF00000000该勋章设立以表彰指挥官在提高舰队水下作战能力方面所取得的成就",
            "5": "^C454545FF00000000该勋章设立以表彰指挥官在提高舰队水下作战能力方面所取得的成就"
        },
        "introduce2": {
            "1": "",
            "2": "",
            "3": "",
            "4": "",
            "5": ""
        },
        "startTime": "",
        "endTime": ""
    },
    {
        "id": 7,
        "title": "海航资历勋章",
        "icon": "medal_7",
        "condition": {
            "1": "500",
            "2": "1000",
            "3": "2500",
            "4": "12500",
            "5": "25000"
        },
        "subTitle": {
            "1": "一级",
            "2": "二级",
            "3": "三级",
            "4": "四级",
            "5": "五级"
        },
        "rlsLevel": 5,
        "cDesc1": {
            "1": "^C454545FF00000000奖励战斗中通过掉落获得^C1C8BE5FF00000000航空母舰 500艘",
            "2": "^C454545FF00000000奖励战斗中通过掉落获得^C1C8BE5FF00000000航空母舰 1000艘",
            "3": "^C454545FF00000000奖励战斗中通过掉落获得^C1C8BE5FF00000000航空母舰 2500艘",
            "4": "^C454545FF00000000奖励战斗中通过掉落获得^C1C8BE5FF00000000航空母舰 12500艘",
            "5": "^C454545FF00000000授予此勋章以纪念掉落获得^C1C8BE5FF00000000航空母舰 25000艘"
        },
        "cDesc2": {
            "1": "航空母舰，轻型航空母舰，水上机母舰皆满足条件",
            "2": "航空母舰，轻型航空母舰，水上机母舰皆满足条件",
            "3": "航空母舰，轻型航空母舰，水上机母舰皆满足条件",
            "4": "航空母舰，轻型航空母舰，水上机母舰皆满足条件",
            "5": "航空母舰，轻型航空母舰，水上机母舰皆满足条件"
        },
        "introduce1": {
            "1": "^C454545FF00000000纪念海战立体模式时代的先驱者，海军航空兵的支持者",
            "2": "^C454545FF00000000纪念海战立体模式时代的先驱者，海军航空兵的支持者",
            "3": "^C454545FF00000000纪念海战立体模式时代的先驱者，海军航空兵的支持者",
            "4": "^C454545FF00000000纪念海战立体模式时代的先驱者，海军航空兵的支持者",
            "5": "^C454545FF00000000纪念海战立体模式时代的先驱者，海军航空兵的支持者"
        },
        "introduce2": {
            "1": "",
            "2": "",
            "3": "",
            "4": "",
            "5": ""
        },
        "startTime": "",
        "endTime": ""
    },
    {
        "id": 8,
        "title": "海军优异服务勋章",
        "icon": "medal_8",
        "condition": {
            "1": "5000",
            "2": "20000",
            "3": "50000",
            "4": "100000",
            "5": "200000"
        },
        "subTitle": {
            "1": "一级",
            "2": "二级",
            "3": "三级",
            "4": "四级",
            "5": "五级"
        },
        "rlsLevel": 5,
        "cDesc1": {
            "1": "^C454545FF00000000纪念为舰队建设作出卓越贡献，^C1C8BE5FF00000000通过建造^C454545FF00000000获得船只^C1C8BE5FF000000005000艘",
            "2": "^C454545FF00000000纪念为舰队建设作出卓越贡献，^C1C8BE5FF00000000通过建造^C454545FF00000000获得船只^C1C8BE5FF0000000020000艘",
            "3": "^C454545FF00000000纪念为舰队建设作出卓越贡献，^C1C8BE5FF00000000通过建造^C454545FF00000000获得船只^C1C8BE5FF0000000050000艘",
            "4": "^C454545FF00000000纪念为舰队建设作出卓越贡献，^C1C8BE5FF00000000通过建造^C454545FF00000000获得船只^C1C8BE5FF00000000100000艘",
            "5": "^C454545FF00000000表彰为舰队建设做了一点微小的工作，^C1C8BE5FF00000000通过建造^C454545FF00000000获得了船只^C1C8BE5FF00000000200000艘"
        },
        "cDesc2": {
            "1": "",
            "2": "",
            "3": "",
            "4": "",
            "5": ""
        },
        "introduce1": {
            "1": "^C454545FF00000000纪念舰队逐步壮大的过程，奖励指挥官在过程中的辛劳",
            "2": "^C454545FF00000000纪念舰队逐步壮大的过程，奖励指挥官在过程中的辛劳",
            "3": "^C454545FF00000000纪念舰队逐步壮大的过程，奖励指挥官在过程中的辛劳",
            "4": "^C454545FF00000000纪念舰队逐步壮大的过程，奖励指挥官在过程中的辛劳",
            "5": "^C454545FF00000000纪念舰队逐步壮大的过程，奖励指挥官在过程中的辛劳"
        },
        "introduce2": {
            "1": "",
            "2": "",
            "3": "",
            "4": "",
            "5": ""
        },
        "startTime": "",
        "endTime": ""
    },
    {
        "id": 10,
        "title": "皇家海军十字勋章",
        "icon": "medal_10",
        "condition": {
            "1": "1",
            "2": "2"
        },
        "subTitle": {
            "1": "一级",
            "2": "二级"
        },
        "rlsLevel": 2,
        "cDesc1": {
            "1": "^C454545FF00000000纪念在2016年^C1C8BE5FF00000000女武神行动^C454545FF00000000中通过^C1C8BE5FF00000000第一难度",
            "2": "^C454545FF00000000纪念在2016年^C1C8BE5FF00000000女武神行动^C454545FF00000000中通过^C1C8BE5FF00000000第二难度"
        },
        "cDesc2": {
            "1": "",
            "2": ""
        },
        "introduce1": {
            "1": "^C454545FF00000000勋章由缴获武器铸造而成，该荣誉用以表彰在女武神战役中表现杰出的指挥官",
            "2": "^C454545FF00000000奖励在女武神战役中表现出色的指挥官"
        },
        "introduce2": {
            "1": "",
            "2": ""
        },
        "startTime": "",
        "endTime": ""
    },
    {
        "id": 11,
        "title": "战功荣誉纪念章",
        "icon": "medal_11",
        "condition": {
            "1": "100",
            "2": "500",
            "3": "1000",
            "4": "2000",
            "5": "4000"
        },
        "subTitle": {
            "1": "一级",
            "2": "二级",
            "3": "三级",
            "4": "四级",
            "5": "五级"
        },
        "rlsLevel": 5,
        "cDesc1": {
            "1": "^C454545FF00000000纪念累计完成任务次数达到^C1C8BE5FF00000000100^C454545FF00000000次。",
            "2": "^C454545FF00000000纪念累计完成任务次数达到^C1C8BE5FF00000000500^C454545FF00000000次。",
            "3": "^C454545FF00000000纪念累计完成任务次数达到^C1C8BE5FF000000001000^C454545FF00000000次。",
            "4": "^C454545FF00000000纪念累计完成任务次数达到^C1C8BE5FF000000002000^C454545FF00000000次。",
            "5": "^C454545FF00000000纪念累计完成任务次数达到^C1C8BE5FF000000004000^C454545FF00000000次。"
        },
        "cDesc2": {
            "1": "包括主线，日常和活动任务",
            "2": "包括主线，日常和活动任务",
            "3": "包括主线，日常和活动任务",
            "4": "包括主线，日常和活动任务",
            "5": "包括主线，日常和活动任务"
        },
        "introduce1": {
            "1": "^C454545FF00000000纪念指挥官的忠于职守，其勋章的八个尖分别代表了骑士的八项美德",
            "2": "^C454545FF00000000纪念指挥官的忠于职守，其勋章的八个尖分别代表了骑士的八项美德",
            "3": "^C454545FF00000000纪念指挥官的忠于职守，其勋章的八个尖分别代表了骑士的八项美德",
            "4": "^C454545FF00000000纪念指挥官的忠于职守，其勋章的八个尖分别代表了骑士的八项美德",
            "5": "^C454545FF00000000纪念指挥官的忠于职守，其勋章的八个尖分别代表了骑士的八项美德"
        },
        "introduce2": {
            "1": "",
            "2": "",
            "3": "",
            "4": "",
            "5": ""
        },
        "startTime": "",
        "endTime": ""
    },
    {
        "id": 12,
        "title": "橡叶十字奖章",
        "icon": "medal_12",
        "condition": {
            "1": "100",
            "2": "500",
            "3": "1000",
            "4": "4000",
            "5": "8000"
        },
        "subTitle": {
            "1": "一级",
            "2": "二级",
            "3": "三级",
            "4": "四级",
            "5": "五级"
        },
        "rlsLevel": 5,
        "cDesc1": {
            "1": "^C454545FF00000000纪念累计完成演习和好友演习胜利达到^C1C8BE5FF00000000100^C454545FF00000000次。",
            "2": "^C454545FF00000000纪念累计完成演习和好友演习胜利达到^C1C8BE5FF00000000500^C454545FF00000000次。",
            "3": "^C454545FF00000000纪念累计完成演习和好友演习胜利达到^C1C8BE5FF000000001000^C454545FF00000000次。",
            "4": "^C454545FF00000000纪念累计完成演习和好友演习胜利达到^C1C8BE5FF000000004000^C454545FF00000000次。",
            "5": "^C454545FF00000000纪念累计完成演习和好友演习胜利达到^C1C8BE5FF000000008000^C454545FF00000000次。"
        },
        "cDesc2": {
            "1": "好友演习无法获得经验的次数不计算在内",
            "2": "好友演习无法获得经验的次数不计算在内",
            "3": "好友演习无法获得经验的次数不计算在内",
            "4": "好友演习无法获得经验的次数不计算在内",
            "5": "好友演习无法获得经验的次数不计算在内"
        },
        "introduce1": {
            "1": "^C454545FF00000000战斗的胜利来源于平时的训练，勋章奖励严于律己，刻苦演习的指挥官",
            "2": "^C454545FF00000000战斗的胜利来源于平时的训练，勋章奖励严于律己，刻苦演习的指挥官",
            "3": "^C454545FF00000000战斗的胜利来源于平时的训练，勋章奖励严于律己，刻苦演习的指挥官",
            "4": "^C454545FF00000000战斗的胜利来源于平时的训练，勋章奖励严于律己，刻苦演习的指挥官",
            "5": "^C454545FF00000000战斗的胜利来源于平时的训练，勋章奖励严于律己，刻苦演习的指挥官"
        },
        "introduce2": {
            "1": "",
            "2": "",
            "3": "",
            "4": "",
            "5": ""
        },
        "startTime": "",
        "endTime": ""
    },
    {
        "id": 13,
        "title": "劳动光荣勋章",
        "icon": "medal_13",
        "condition": {
            "1": "200",
            "2": "1000",
            "3": "2000",
            "4": "5000",
            "5": "9500"
        },
        "subTitle": {
            "1": "一级",
            "2": "二级",
            "3": "三级",
            "4": "四级",
            "5": "五级"
        },
        "rlsLevel": 5,
        "cDesc1": {
            "1": "^C454545FF00000000纪念累计使用“快速修理”道具数量达到^C1C8BE5FF00000000200^C454545FF00000000个。",
            "2": "^C454545FF00000000纪念累计使用“快速修理”道具数量达到^C1C8BE5FF000000001000^C454545FF00000000个。",
            "3": "^C454545FF00000000纪念累计使用“快速修理”道具数量达到^C1C8BE5FF000000002000^C454545FF00000000个。",
            "4": "^C454545FF00000000纪念累计使用“快速修理”道具数量达到^C1C8BE5FF000000005000^C454545FF00000000个。",
            "5": "^C454545FF00000000纪念累计使用“快速修理”道具数量达到^C1C8BE5FF000000009500^C454545FF00000000个。"
        },
        "cDesc2": {
            "1": "",
            "2": "",
            "3": "",
            "4": "",
            "5": ""
        },
        "introduce1": {
            "1": "^C454545FF00000000这个勋章用以表彰指挥官辛勤地保证了舰队的运转",
            "2": "^C454545FF00000000这个勋章用以表彰指挥官辛勤地保证了舰队的运转",
            "3": "^C454545FF00000000这个勋章用以表彰指挥官辛勤地保证了舰队的运转",
            "4": "^C454545FF00000000这个勋章用以表彰指挥官辛勤地保证了舰队的运转",
            "5": "^C454545FF00000000这个勋章用以表彰指挥官辛勤地保证了舰队的运转"
        },
        "introduce2": {
            "1": "",
            "2": "",
            "3": "",
            "4": "",
            "5": ""
        },
        "startTime": "",
        "endTime": ""
    },
    {
        "id": 14,
        "title": "卓越成就勋章",
        "icon": "medal_14",
        "condition": {
            "1": "200",
            "2": "1000",
            "3": "2000",
            "4": "5000",
            "5": "9500"
        },
        "subTitle": {
            "1": "一级",
            "2": "二级",
            "3": "三级",
            "4": "四级",
            "5": "五级"
        },
        "rlsLevel": 5,
        "cDesc1": {
            "1": "^C454545FF00000000纪念累计使用“快速建造”道具数量达到^C1C8BE5FF00000000200^C454545FF00000000个。",
            "2": "^C454545FF00000000纪念累计使用“快速建造”道具数量达到^C1C8BE5FF000000001000^C454545FF00000000个。",
            "3": "^C454545FF00000000纪念累计使用“快速建造”道具数量达到^C1C8BE5FF000000002000^C454545FF00000000个。",
            "4": "^C454545FF00000000纪念累计使用“快速建造”道具数量达到^C1C8BE5FF000000005000^C454545FF00000000个。",
            "5": "^C454545FF00000000纪念累计使用“快速建造”道具数量达到^C1C8BE5FF000000009500^C454545FF00000000个。"
        },
        "cDesc2": {
            "1": "",
            "2": "",
            "3": "",
            "4": "",
            "5": ""
        },
        "introduce1": {
            "1": "^C454545FF00000000奖励为壮大舰队做出突出贡献的指挥官",
            "2": "^C454545FF00000000奖励为壮大舰队做出突出贡献的指挥官",
            "3": "^C454545FF00000000奖励为壮大舰队做出突出贡献的指挥官",
            "4": "^C454545FF00000000奖励为壮大舰队做出突出贡献的指挥官",
            "5": "^C454545FF00000000奖励为壮大舰队做出突出贡献的指挥官"
        },
        "introduce2": {
            "1": "",
            "2": "",
            "3": "",
            "4": "",
            "5": ""
        },
        "startTime": "",
        "endTime": ""
    },
    {
        "id": 15,
        "title": "永恒誓约纪念章",
        "icon": "medal_15",
        "condition": {
            "1": "50",
            "2": "100",
            "3": "400"
        },
        "subTitle": {
            "1": "一级",
            "2": "二级",
            "3": "三级"
        },
        "rlsLevel": 3,
        "cDesc1": {
            "1": "^C454545FF00000000纪念拥有好感度大于等于^C1C8BE5FF00000000100^C454545FF00000000的船只数量达到^C1C8BE5FF0000000050^C454545FF00000000艘。",
            "2": "^C454545FF00000000纪念拥有好感度大于等于^C1C8BE5FF00000000100^C454545FF00000000的船只数量达到^C1C8BE5FF00000000100^C454545FF00000000艘。",
            "3": "^C454545FF00000000纪念拥有好感度大于等于^C1C8BE5FF00000000100^C454545FF00000000的船只数量达到^C1C8BE5FF00000000400^C454545FF00000000艘。"
        },
        "cDesc2": {
            "1": "",
            "2": "",
            "3": ""
        },
        "introduce1": {
            "1": "^C454545FF00000000蓝宝石象征坚贞，红宝石则象征爱和甜蜜",
            "2": "^C454545FF00000000蓝宝石象征坚贞，红宝石则象征爱和甜蜜",
            "3": "^C454545FF00000000蓝宝石象征坚贞，红宝石则象征爱和甜蜜"
        },
        "introduce2": {
            "1": "",
            "2": "",
            "3": ""
        },
        "startTime": "",
        "endTime": ""
    },
    {
        "id": 16,
        "title": "出征荣誉奖章",
        "icon": "medal_16",
        "condition": {
            "1": "500",
            "2": "1000",
            "3": "2000",
            "4": "5000",
            "5": "10000"
        },
        "subTitle": {
            "1": "一级",
            "2": "二级",
            "3": "三级",
            "4": "四级",
            "5": "五级"
        },
        "rlsLevel": 5,
        "cDesc1": {
            "1": "^C454545FF00000000纪念非地图最终节点通关返回母港达到^C1C8BE5FF00000000500^C454545FF00000000次。",
            "2": "^C454545FF00000000纪念非地图最终节点通关返回母港达到^C1C8BE5FF000000001000^C454545FF00000000次。",
            "3": "^C454545FF00000000纪念非地图最终节点通关返回母港达到^C1C8BE5FF000000002000^C454545FF00000000次。",
            "4": "^C454545FF00000000纪念非地图最终节点通关返回母港达到^C1C8BE5FF000000005000^C454545FF00000000次。",
            "5": "^C454545FF00000000纪念非地图最终节点通关返回母港达到^C1C8BE5FF0000000010000^C454545FF00000000次。"
        },
        "cDesc2": {
            "1": "",
            "2": "",
            "3": "",
            "4": "",
            "5": ""
        },
        "introduce1": {
            "1": "^C454545FF00000000奖励四方征战，劳苦功高的指挥官",
            "2": "^C454545FF00000000奖励四方征战，劳苦功高的指挥官",
            "3": "^C454545FF00000000奖励四方征战，劳苦功高的指挥官",
            "4": "^C454545FF00000000奖励四方征战，劳苦功高的指挥官",
            "5": "^C454545FF00000000奖励四方征战，劳苦功高的指挥官"
        },
        "introduce2": {
            "1": "",
            "2": "",
            "3": "",
            "4": "",
            "5": ""
        },
        "startTime": "",
        "endTime": ""
    },
    {
        "id": 17,
        "title": "垂钓之星",
        "icon": "medal_17",
        "condition": {
            "1": "1000",
            "2": "5000",
            "3": "10000"
        },
        "subTitle": {
            "1": "一级",
            "2": "二级",
            "3": "三级"
        },
        "rlsLevel": 3,
        "cDesc1": {
            "1": "^C454545FF00000000纪念以补给舰为旗舰，通过出征累计获得船只数量达到^C1C8BE5FF000000001000^C454545FF00000000艘。",
            "2": "^C454545FF00000000纪念以补给舰为旗舰，通过出征累计获得船只数量达到^C1C8BE5FF000000005000^C454545FF00000000艘。",
            "3": "^C454545FF00000000纪念以补给舰为旗舰，通过出征累计获得船只数量达到^C1C8BE5FF0000000010000^C454545FF00000000艘。"
        },
        "cDesc2": {
            "1": "",
            "2": "",
            "3": ""
        },
        "introduce1": {
            "1": "^C454545FF00000000一竿一线一江湖，钓海钓洋钓万物，该勋章奖励探索未知的指挥官",
            "2": "^C454545FF00000000一竿一线一江湖，钓海钓洋钓万物，该勋章奖励探索未知的指挥官",
            "3": "^C454545FF00000000一竿一线一江湖，钓海钓洋钓万物，该勋章奖励探索未知的指挥官"
        },
        "introduce2": {
            "1": "",
            "2": "",
            "3": ""
        },
        "startTime": "",
        "endTime": ""
    },
    {
        "id": 18,
        "title": "两周年纪念勋章",
        "icon": "medal_18",
        "condition": {
            "1": "1",
            "2": "2"
        },
        "subTitle": {
            "1": "一级",
            "2": "二级"
        },
        "rlsLevel": 2,
        "cDesc1": {
            "1": "^C454545FF00000000纪念在2016年^C1C8BE5FF00000000两周年活动^C454545FF00000000中通过^C1C8BE5FF00000000帕斯塔战役^C454545FF00000000关卡。",
            "2": "^C454545FF00000000纪念在2016年^C1C8BE5FF00000000两周年活动^C454545FF00000000中通过^C1C8BE5FF00000000世界第一^C454545FF00000000关卡。"
        },
        "cDesc2": {
            "1": "帕斯塔战役对应两周年活动第三关",
            "2": "世界第一对应两周年活动第六关"
        },
        "introduce1": {
            "1": "^C454545FF00000000纪念两周年以来的点点滴滴，奖励以及纪念历次作战的功勋",
            "2": "^C454545FF00000000纪念两周年以来的点点滴滴，奖励以及纪念历次作战的功勋"
        },
        "introduce2": {
            "1": "",
            "2": ""
        },
        "startTime": "",
        "endTime": ""
    },
    {
        "id": 19,
        "title": "海军功绩勋章",
        "icon": "medal_19",
        "condition": {
            "1": "1",
            "2": "2"
        },
        "subTitle": {
            "1": "一级",
            "2": "二级"
        },
        "rlsLevel": 2,
        "cDesc1": {
            "1": "^C454545FF00000000纪念在2016年^C1C8BE5FF00000000轰隆轰隆大作战^C454545FF00000000中通过^C1C8BE5FF00000000第一难度",
            "2": "^C454545FF00000000纪念在2016年^C1C8BE5FF00000000轰隆轰隆大作战^C454545FF00000000中通过^C1C8BE5FF00000000第二难度"
        },
        "cDesc2": {
            "1": "",
            "2": ""
        },
        "introduce1": {
            "1": "^C454545FF00000000授予在战斗中立下赫赫战功的优秀指挥官。",
            "2": "^C454545FF00000000用以奖励和表彰以非凡的魄力和勇气完成艰巨作战任务的优秀海军指挥官。"
        },
        "introduce2": {
            "1": "",
            "2": ""
        },
        "startTime": "",
        "endTime": ""
    },
    {
        "id": 20,
        "title": "英雄之星勋章",
        "icon": "medal_20",
        "condition": {
            "1": "1",
            "2": "2"
        },
        "subTitle": {
            "1": "一级",
            "2": "二级"
        },
        "rlsLevel": 2,
        "cDesc1": {
            "1": "^C454545FF00000000纪念在2017年^C1C8BE5FF00000000炮火弧线防御作战^C454545FF00000000中通过^C1C8BE5FF00000000第一难度",
            "2": "^C454545FF00000000纪念在2017年^C1C8BE5FF00000000炮火弧线防御作战^C454545FF00000000中通过^C1C8BE5FF00000000第二难度"
        },
        "cDesc2": {
            "1": "通关峡湾之战获得",
            "2": "通关英雄城保卫战获得"
        },
        "introduce1": {
            "1": "^C454545FF00000000为表彰突出贡献的个人或集体，对有关人员授予“英雄之星”。",
            "2": "^C454545FF00000000为表彰立下英雄壮举的个人或集体，对有关人员授予“英雄之星”。"
        },
        "introduce2": {
            "1": "",
            "2": ""
        },
        "startTime": "",
        "endTime": ""
    },
    {
        "id": 21,
        "title": "巴斯军事勋章",
        "icon": "medal_21",
        "condition": {
            "1": "1"
        },
        "subTitle": {
            "1": "一级",
            "2": "二级"
        },
        "rlsLevel": 1,
        "cDesc1": {
            "1": "^C454545FF00000000纪念在2017年^C1C8BE5FF00000000决战无畏之海^C454545FF00000000中通过^C1C8BE5FF00000000第一难度"
        },
        "cDesc2": {
            "1": "通关袭城拦截战获得"
        },
        "introduce1": {
            "1": "^C454545FF00000000这枚古老又珍贵的勋章奖励给勇敢的指挥官。"
        },
        "introduce2": {
            "1": "",
            "2": ""
        },
        "startTime": "",
        "endTime": ""
    },
    {
        "id": 22,
        "title": "嘉德骑士勋章",
        "icon": "medal_22",
        "condition": {
            "1": "1"
        },
        "subTitle": {
            "1": "一级",
            "2": "二级"
        },
        "rlsLevel": 1,
        "cDesc1": {
            "1": "^C454545FF00000000纪念在2017年^C1C8BE5FF00000000决战无畏之海^C454545FF00000000中通过^C1C8BE5FF00000000第二难度"
        },
        "cDesc2": {
            "1": "通关舰队主力决战获得"
        },
        "introduce1": {
            "1": "^C454545FF00000000“心怀邪念者蒙羞”"
        },
        "introduce2": {
            "1": "",
            "2": ""
        },
        "startTime": "",
        "endTime": ""
    },
    {
        "id": 23,
        "title": "杰出战斗勋章",
        "icon": "medal_23",
        "condition": {
            "1": "1"
        },
        "subTitle": {
            "1": "一级",
            "2": "二级"
        },
        "rlsLevel": 1,
        "cDesc1": {
            "1": "^C454545FF00000000纪念在2017年^C1C8BE5FF00000000铁底湾珍品保卫战^C454545FF00000000中通过^C1C8BE5FF00000000第一难度"
        },
        "cDesc2": {
            "1": "通关埃斯帕恩斯角获得"
        },
        "introduce1": {
            "1": "^C454545FF00000000授予在战斗中出色完成任务的英雄指挥官。"
        },
        "introduce2": {
            "1": "",
            "2": ""
        },
        "startTime": "",
        "endTime": ""
    },
    {
        "id": 24,
        "title": "荣耀十字勋章",
        "icon": "medal_24",
        "condition": {
            "1": "1"
        },
        "subTitle": {
            "1": "一级",
            "2": "二级"
        },
        "rlsLevel": 1,
        "cDesc1": {
            "1": "^C454545FF00000000纪念在2017年^C1C8BE5FF00000000铁底湾珍品保卫战^C454545FF00000000中通过^C1C8BE5FF00000000第二难度"
        },
        "cDesc2": {
            "1": "通关瓜达卡纳尔决战获得"
        },
        "introduce1": {
            "1": "^C454545FF00000000嘉奖在战斗中临危不惧，表现出超乎寻常勇气和智谋的指挥官。"
        },
        "introduce2": {
            "1": "",
            "2": ""
        },
        "startTime": "",
        "endTime": ""
    },
    {
        "id": 25,
        "title": "三周年纪念勋章",
        "icon": "medal_25",
        "condition": {
            "1": "1"
        },
        "subTitle": {
            "1": "一级",
            "2": "二级"
        },
        "rlsLevel": 1,
        "cDesc1": {
            "1": "^C454545FF00000000纪念在2017年^C1C8BE5FF00000000三周年活动^C454545FF00000000中通过^C1C8BE5FF00000000诺曼底大反攻^C454545FF00000000关卡。"
        },
        "cDesc2": {
            "1": "通关诺曼底大反攻获得"
        },
        "introduce1": {
            "1": "^C454545FF00000000纪念三周年以来的点点滴滴，奖励以及纪念历次作战的功勋"
        },
        "introduce2": {
            "1": "",
            "2": ""
        },
        "startTime": "",
        "endTime": ""
    },
    {
        "id": 26,
        "title": "三周年荣誉纪念章",
        "icon": "medal_26",
        "condition": {
            "1": "1"
        },
        "subTitle": {
            "1": "一级",
            "2": "二级"
        },
        "rlsLevel": 1,
        "cDesc1": {
            "1": "^C454545FF00000000纪念在2017年^C1C8BE5FF00000000三周年活动^C454545FF00000000中通过^C1C8BE5FF00000000诺曼底大反攻（困难）^C454545FF00000000关卡。"
        },
        "cDesc2": {
            "1": "通关诺曼底大反攻（困难）获得"
        },
        "introduce1": {
            "1": "^C454545FF00000000纪念三周年以来的点点滴滴，奖励以及纪念历次作战的功勋"
        },
        "introduce2": {
            "1": "",
            "2": ""
        },
        "startTime": "",
        "endTime": ""
    },
    {
        "id": 27,
        "title": "海洋功绩勋章",
        "icon": "medal_27",
        "condition": {
            "1": "1"
        },
        "subTitle": {
            "1": "一级"
        },
        "rlsLevel": 1,
        "cDesc1": {
            "1": "^C454545FF00000000纪念在2017年^C1C8BE5FF00000000特急东方快车^C454545FF00000000中通过^C1C8BE5FF00000000第一难度"
        },
        "cDesc2": {
            "1": "通关伊吕作战与凤作战获得"
        },
        "introduce1": {
            "1": "^C454545FF00000000勋章授予出色完成任务的英雄指挥官。"
        },
        "introduce2": {
            "1": "",
            "2": ""
        },
        "startTime": "",
        "endTime": ""
    },
    {
        "id": 28,
        "title": "功绩星芒勋章",
        "icon": "medal_28",
        "condition": {
            "1": "1"
        },
        "subTitle": {
            "1": "一级"
        },
        "rlsLevel": 1,
        "cDesc1": {
            "1": "^C454545FF00000000纪念在2017年^C1C8BE5FF00000000特急东方快车^C454545FF00000000中通过^C1C8BE5FF00000000第二难度"
        },
        "cDesc2": {
            "1": "通关伊吕作战（困难）与凤作战（困难）获得"
        },
        "introduce1": {
            "1": "^C454545FF00000000这枚象征坚韧不拔的勋章授予睿智而勇武的指挥官。"
        },
        "introduce2": {
            "1": "",
            "2": ""
        },
        "startTime": "",
        "endTime": ""
    },
    {
        "id": 29,
        "title": "海军十字勋章",
        "icon": "medal_29",
        "condition": {
            "1": "1"
        },
        "subTitle": {
            "1": "一级"
        },
        "rlsLevel": 1,
        "cDesc1": {
            "1": "^C454545FF00000000完成^C1C8BE5FF00000000“女灶神级”^C454545FF00000000任务后获得"
        },
        "cDesc2": {
            "1": "完成女灶神级任务后获得"
        },
        "introduce1": {
            "1": "^C454545FF00000000纪念舰队的成员，不分彼此，在战斗中作出如此前所未有的贡献。"
        },
        "introduce2": {
            "1": "",
            "2": ""
        },
        "startTime": "",
        "endTime": ""
    },
    {
        "id": 30,
        "title": "金质耕作功绩勋章",
        "icon": "medal_30",
        "condition": {
            "1": "5000"
        },
        "subTitle": {
            "1": "一级"
        },
        "rlsLevel": 1,
        "cDesc1": {
            "1": "^C454545FF00000000收获^C1C8BE5FF00000000“农作物”^C454545FF00000000后获得"
        },
        "cDesc2": {
            "1": "收获5000个农作物获得"
        },
        "introduce1": {
            "1": "^C454545FF00000000噢我亲爱的康斯坦丁，玉米获得了大丰收。"
        },
        "introduce2": {
            "1": "",
            "2": ""
        },
        "startTime": "",
        "endTime": ""
    },
    {
        "id": 31,
        "title": "金质军事功绩十字勋章",
        "icon": "medal_31",
        "condition": {
            "1": "1"
        },
        "subTitle": {
            "1": "一级"
        },
        "rlsLevel": 1,
        "cDesc1": {
            "1": "^C454545FF00000000通关^C1C8BE5FF00000000立体强袭^C454545FF00000000最终关卡^C1C8BE5FF00000000“雪崩”"
        },
        "cDesc2": {
            "1": "通关立体强袭获得"
        },
        "introduce1": {
            "1": "^C454545FF00000000授予在行动中立下功勋的指挥官"
        },
        "introduce2": {
            "1": "",
            "2": ""
        },
        "startTime": "",
        "endTime": ""
    },
    {
        "id": 32,
        "title": "特别功绩十字勋章",
        "icon": "medal_32",
        "condition": {
            "1": "1"
        },
        "subTitle": {
            "1": "一级"
        },
        "rlsLevel": 1,
        "cDesc1": {
            "1": "^C454545FF00000000在高难度战况下，通关^C1C8BE5FF00000000立体强袭^C454545FF00000000最终关卡^C1C8BE5FF00000000“雪崩”"
        },
        "cDesc2": {
            "1": "通关立体强袭（困难）获得"
        },
        "introduce1": {
            "1": "^C454545FF00000000授予立下了力挽狂澜般功绩的指挥官"
        },
        "introduce2": {
            "1": "",
            "2": ""
        },
        "startTime": "",
        "endTime": ""
    },
    {
        "id": 33,
        "title": "优异作战嘉奖勋章",
        "icon": "medal_33",
        "condition": {
            "1": "1"
        },
        "subTitle": {
            "1": "一级"
        },
        "rlsLevel": 1,
        "cDesc1": {
            "1": "^C454545FF00000000纪念在2018年^C1C8BE5FF00000000所罗门之晓^C454545FF00000000中通过^C1C8BE5FF00000000第一难度"
        },
        "cDesc2": {
            "1": "通关简单模式E5"
        },
        "introduce1": {
            "1": "^C454545FF00000000嘉奖在这次重要的战役中表现出色的指挥官"
        },
        "introduce2": {
            "1": "",
            "2": ""
        },
        "startTime": "",
        "endTime": ""
    },
    {
        "id": 34,
        "title": "特设卓越作战十字勋章",
        "icon": "medal_34",
        "condition": {
            "1": "1"
        },
        "subTitle": {
            "1": "一级"
        },
        "rlsLevel": 1,
        "cDesc1": {
            "1": "^C454545FF00000000纪念在2018年^C1C8BE5FF00000000所罗门之晓^C454545FF00000000中通过^C1C8BE5FF00000000第二难度"
        },
        "cDesc2": {
            "1": "通关困难模式E10"
        },
        "introduce1": {
            "1": "^C454545FF00000000嘉奖指挥官在这次残酷的战役中表现出卓越的品质"
        },
        "introduce2": {
            "1": "",
            "2": ""
        },
        "startTime": "",
        "endTime": ""
    },
    {
        "id": 35,
        "title": "乔治功绩勋章",
        "icon": "medal_35",
        "condition": {
            "1": "1"
        },
        "subTitle": {
            "1": "一级"
        },
        "rlsLevel": 1,
        "cDesc1": {
            "1": "^C454545FF00000000通关^C1C8BE5FF00000000立体强袭:圣盾作战^C454545FF00000000E6关卡^C1C8BE5FF00000000“支座”作战"
        },
        "cDesc2": {
            "1": "通关立体强袭:圣盾作战E6获得"
        },
        "introduce1": {
            "1": "^C454545FF00000000授予在圣盾作战中表现出色的集体"
        },
        "introduce2": {
            "1": "",
            "2": ""
        },
        "startTime": "",
        "endTime": ""
    },
    {
        "id": 36,
        "title": "乔治十字勋章",
        "icon": "medal_36",
        "condition": {
            "1": "1"
        },
        "subTitle": {
            "1": "一级"
        },
        "rlsLevel": 1,
        "cDesc1": {
            "1": "^C454545FF00000000在高难度战况下，通关^C1C8BE5FF00000000立体强袭:圣盾作战^C454545FF00000000E6关卡^C1C8BE5FF00000000“支座”作战"
        },
        "cDesc2": {
            "1": "通关立体强袭:圣盾作战E6（困难）获得"
        },
        "introduce1": {
            "1": "^C454545FF00000000为了纪念对战争胜利的贡献，这枚勋章被授予整个集体"
        },
        "introduce2": {
            "1": "",
            "2": ""
        },
        "startTime": "",
        "endTime": ""
    },
    {
        "id": 37,
        "title": "火炬十字勋章",
        "icon": "medal_37",
        "condition": {
            "1": "1"
        },
        "subTitle": {
            "1": "一级"
        },
        "rlsLevel": 1,
        "cDesc1": {
            "1": "^C454545FF00000000纪念在2018年^C1C8BE5FF00000000幻想舰队歼灭作战^C454545FF00000000中通过^C1C8BE5FF00000000第一难度"
        },
        "cDesc2": {
            "1": "通关幻想舰队歼灭作战获得"
        },
        "introduce1": {
            "1": "^C454545FF00000000嘉奖率领舰队击溃敌人的指挥官"
        },
        "introduce2": {
            "1": "",
            "2": ""
        },
        "startTime": "",
        "endTime": ""
    },
    {
        "id": 38,
        "title": "金质火炬勋章",
        "icon": "medal_38",
        "condition": {
            "1": "1"
        },
        "subTitle": {
            "1": "一级"
        },
        "rlsLevel": 1,
        "cDesc1": {
            "1": "^C454545FF00000000纪念在2018年^C1C8BE5FF00000000幻想舰队歼灭作战^C454545FF00000000中通过^C1C8BE5FF00000000第二难度"
        },
        "cDesc2": {
            "1": "通关幻想舰队歼灭作战（困难）获得"
        },
        "introduce1": {
            "1": "^C454545FF00000000嘉奖有着非凡统帅力的指挥官"
        },
        "introduce2": {
            "1": "",
            "2": ""
        },
        "startTime": "",
        "endTime": ""
    },
    {
        "id": 39,
        "title": "四周年纪念勋章",
        "icon": "medal_39",
        "condition": {
            "1": "1"
        },
        "subTitle": {
            "1": "一级"
        },
        "rlsLevel": 1,
        "cDesc1": {
            "1": "^C454545FF00000000纪念在2018年^C1C8BE5FF00000000钢铁启示录^C454545FF00000000中通过^C1C8BE5FF00000000第一难度"
        },
        "cDesc2": {
            "1": "通关钢铁启示录获得"
        },
        "introduce1": {
            "1": "^C454545FF00000000纪念四周年以来的点点滴滴，纪念指挥官历次战斗的功勋。"
        },
        "introduce2": {
            "1": "",
            "2": ""
        },
        "startTime": "",
        "endTime": ""
    },
    {
        "id": 40,
        "title": "四周年荣誉纪念勋章",
        "icon": "medal_40",
        "condition": {
            "1": "1"
        },
        "subTitle": {
            "1": "一级"
        },
        "rlsLevel": 1,
        "cDesc1": {
            "1": "^C454545FF00000000纪念在2018年^C1C8BE5FF00000000钢铁启示录^C454545FF00000000中通过^C1C8BE5FF00000000第二难度"
        },
        "cDesc2": {
            "1": "通关钢铁启示录（困难）获得"
        },
        "introduce1": {
            "1": "^C454545FF00000000纪念四周年以来的点点滴滴，纪念指挥官历次战斗的功勋。"
        },
        "introduce2": {
            "1": "",
            "2": ""
        },
        "startTime": "",
        "endTime": ""
    },
    {
        "id": 41,
        "title": "橡叶银十字勋章",
        "icon": "medal_41",
        "condition": {
            "1": "1"
        },
        "subTitle": {
            "1": "一级"
        },
        "rlsLevel": 1,
        "cDesc1": {
            "1": "^C454545FF00000000通关^C1C8BE5FF00000000立体强袭:决战九段坂^C454545FF00000000最终关卡^C1C8BE5FF00000000"
        },
        "cDesc2": {
            "1": "通关立体强袭:决战九段坂获得"
        },
        "introduce1": {
            "1": "^C454545FF00000000奖励指挥官出色的舰队领导力。"
        },
        "introduce2": {
            "1": "",
            "2": ""
        },
        "startTime": "",
        "endTime": ""
    },
    {
        "id": 42,
        "title": "金狮橡叶勋章",
        "icon": "medal_42",
        "condition": {
            "1": "1"
        },
        "subTitle": {
            "1": "一级"
        },
        "rlsLevel": 1,
        "cDesc1": {
            "1": "^C454545FF00000000在高难度战况下，通关^C1C8BE5FF00000000立体强袭:决战九段坂^C454545FF00000000最终关卡^C1C8BE5FF00000000"
        },
        "cDesc2": {
            "1": "通关立体强袭:决战九段坂（困难）获得"
        },
        "introduce1": {
            "1": "^C454545FF00000000表彰指挥官在艰苦卓绝的战斗中展现出的出色统帅力。"
        },
        "introduce2": {
            "1": "",
            "2": ""
        },
        "startTime": "",
        "endTime": ""
    },
    {
        "id": 43,
        "title": "功勋十字盾章",
        "icon": "medal_43",
        "condition": {
            "1": "1"
        },
        "subTitle": {
            "1": "一级"
        },
        "rlsLevel": 1,
        "cDesc1": {
            "1": "^C454545FF00000000纪念在2019年^C1C8BE5FF00000000地狱群岛攻略作战(复刻)^C454545FF00000000中通过^C1C8BE5FF00000000第一难度"
        },
        "cDesc2": {
            "1": "通关地狱群岛攻略作战（复刻）获得"
        },
        "introduce1": {
            "1": "^C454545FF00000000嘉奖出色指挥的舰队指挥官。"
        },
        "introduce2": {
            "1": "",
            "2": ""
        },
        "startTime": "",
        "endTime": ""
    },
    {
        "id": 44,
        "title": "金质佩剑勋章",
        "icon": "medal_44",
        "condition": {
            "1": "1"
        },
        "subTitle": {
            "1": "一级"
        },
        "rlsLevel": 1,
        "cDesc1": {
            "1": "^C454545FF00000000纪念在2019年^C1C8BE5FF00000000地狱群岛攻略作战(复刻)^C454545FF00000000中通过^C1C8BE5FF00000000第二难度"
        },
        "cDesc2": {
            "1": "通关地狱群岛攻略作战（复刻）（困难）获得"
        },
        "introduce1": {
            "1": "^C454545FF00000000为完成史诗作战的指挥官设立的勋章。"
        },
        "introduce2": {
            "1": "",
            "2": ""
        },
        "startTime": "",
        "endTime": ""
    },
    {
        "id": 45,
        "title": "银狮勋章",
        "icon": "medal_45",
        "condition": {
            "1": "1"
        },
        "subTitle": {
            "1": "一级"
        },
        "rlsLevel": 1,
        "cDesc1": {
            "1": "^C454545FF00000000纪念在2019年^C1C8BE5FF00000000跨越静海^C454545FF00000000中通过^C1C8BE5FF00000000第一难度"
        },
        "cDesc2": {
            "1": "通关跨越静海获得"
        },
        "introduce1": {
            "1": "^C454545FF00000000象征着勇武的白狮镶嵌于勋章上。"
        },
        "introduce2": {
            "1": "",
            "2": ""
        },
        "startTime": "",
        "endTime": ""
    },
    {
        "id": 46,
        "title": "金羊毛勋章",
        "icon": "medal_46",
        "condition": {
            "1": "1"
        },
        "subTitle": {
            "1": "一级"
        },
        "rlsLevel": 1,
        "cDesc1": {
            "1": "^C454545FF00000000纪念在2019年^C1C8BE5FF00000000跨越静海^C454545FF00000000中通过^C1C8BE5FF00000000第二难度"
        },
        "cDesc2": {
            "1": "通关跨越静海（困难）获得"
        },
        "introduce1": {
            "1": "^C454545FF00000000古老的勋章刻着一行字：“辛劳必有回报”。"
        },
        "introduce2": {
            "1": "",
            "2": ""
        },
        "startTime": "",
        "endTime": ""
    },
    {
        "id": 47,
        "title": "金王冠武力勋章",
        "icon": "medal_47",
        "condition": {
            "1": "1"
        },
        "subTitle": {
            "1": "一级"
        },
        "rlsLevel": 1,
        "cDesc1": {
            "1": "^C454545FF00000000纪念在2019年^C1C8BE5FF00000000熔炉大混战^C454545FF00000000中通过^C1C8BE5FF00000000第一难度"
        },
        "cDesc2": {
            "1": "通关熔炉大混战获得"
        },
        "introduce1": {
            "1": "^C454545FF00000000表彰实力强大的舰队与指挥官。"
        },
        "introduce2": {
            "1": "",
            "2": ""
        },
        "startTime": "",
        "endTime": ""
    },
    {
        "id": 48,
        "title": "特级雕纹勋章",
        "icon": "medal_48",
        "condition": {
            "1": "1"
        },
        "subTitle": {
            "1": "一级"
        },
        "rlsLevel": 1,
        "cDesc1": {
            "1": "^C454545FF00000000纪念在2019年^C1C8BE5FF00000000熔炉大混战^C454545FF00000000中通过^C1C8BE5FF00000000第二难度"
        },
        "cDesc2": {
            "1": "通关熔炉大混战（困难）获得"
        },
        "introduce1": {
            "1": "^C454545FF00000000珍贵的勋章刻有象征舰队力量的海雕纹章，授予出色的指挥官。"
        },
        "introduce2": {
            "1": "",
            "2": ""
        },
        "startTime": "",
        "endTime": ""
    },
    {
        "id": 49,
        "title": "雄鹰军团勋章",
        "icon": "medal_49",
        "condition": {
            "1": "1"
        },
        "subTitle": {
            "1": "一级"
        },
        "rlsLevel": 1,
        "cDesc1": {
            "1": "^C454545FF00000000纪念在2019年^C1C8BE5FF00000000帕斯塔战役(复刻)^C454545FF00000000中通过^C1C8BE5FF00000000第一难度"
        },
        "cDesc2": {
            "1": "通关帕斯塔战役（复刻）获得"
        },
        "introduce1": {
            "1": "^C454545FF00000000代表在战役中获得的荣誉。"
        },
        "introduce2": {
            "1": "",
            "2": ""
        },
        "startTime": "",
        "endTime": ""
    },
    {
        "id": 50,
        "title": "王冠军团勋章",
        "icon": "medal_50",
        "condition": {
            "1": "1"
        },
        "subTitle": {
            "1": "一级"
        },
        "rlsLevel": 1,
        "cDesc1": {
            "1": "^C454545FF00000000纪念在2019年^C1C8BE5FF00000000帕斯塔战役(复刻)^C454545FF00000000中通过^C1C8BE5FF00000000第二难度"
        },
        "cDesc2": {
            "1": "通关帕斯塔战役（复刻）（困难）获得"
        },
        "introduce1": {
            "1": "^C454545FF00000000该勋章是极高的荣誉象征。"
        },
        "introduce2": {
            "1": "",
            "2": ""
        },
        "startTime": "",
        "endTime": ""
    },
    {
        "id": 51,
        "title": "胜利之剑勋章",
        "icon": "medal_51",
        "condition": {
            "1": "1"
        },
        "subTitle": {
            "1": "一级"
        },
        "rlsLevel": 1,
        "cDesc1": {
            "1": "^C454545FF00000000通关^C1C8BE5FF00000000立体强袭:沸腾的大洋^C454545FF00000000最终关卡^C1C8BE5FF00000000"
        },
        "cDesc2": {
            "1": "通关立体强袭:沸腾的大洋获得"
        },
        "introduce1": {
            "1": "^C454545FF00000000纪念伟大战役的胜利。"
        },
        "introduce2": {
            "1": "",
            "2": ""
        },
        "startTime": "",
        "endTime": ""
    },
    {
        "id": 52,
        "title": "金芒星荣誉勋章",
        "icon": "medal_52",
        "condition": {
            "1": "1"
        },
        "subTitle": {
            "1": "一级"
        },
        "rlsLevel": 1,
        "cDesc1": {
            "1": "^C454545FF00000000在高难度战况下，通关^C1C8BE5FF00000000立体强袭:沸腾的大洋^C454545FF00000000最终关卡^C1C8BE5FF00000000"
        },
        "cDesc2": {
            "1": "通关立体强袭:沸腾的大洋（困难）获得"
        },
        "introduce1": {
            "1": "^C454545FF00000000象征战役胜利的至高荣誉。"
        },
        "introduce2": {
            "1": "",
            "2": ""
        },
        "startTime": "",
        "endTime": ""
    },
    {
        "id": 53,
        "title": "白玫瑰勋章",
        "icon": "medal_53",
        "condition": {
            "1": "1"
        },
        "subTitle": {
            "1": "一级"
        },
        "rlsLevel": 1,
        "cDesc1": {
            "1": "^C454545FF00000000纪念在2019年^C1C8BE5FF00000000中间岛战役(复刻)^C454545FF00000000中通过^C1C8BE5FF00000000第一难度"
        },
        "cDesc2": {
            "1": "通关中间岛战役（复刻）获得"
        },
        "introduce1": {
            "1": "^C454545FF00000000在关键战役中展现出出色的指挥技巧。"
        },
        "introduce2": {
            "1": "",
            "2": ""
        },
        "startTime": "",
        "endTime": ""
    },
    {
        "id": 54,
        "title": "王冠芒星勋章",
        "icon": "medal_54",
        "condition": {
            "1": "1"
        },
        "subTitle": {
            "1": "一级"
        },
        "rlsLevel": 1,
        "cDesc1": {
            "1": "^C454545FF00000000纪念在2019年^C1C8BE5FF00000000中间岛战役(复刻)^C454545FF00000000中通过^C1C8BE5FF00000000第二难度"
        },
        "cDesc2": {
            "1": "通关中间岛战役（复刻）（困难）获得"
        },
        "introduce1": {
            "1": "^C454545FF00000000嘉奖在重要战役中表现出了卓越的战斗水平。"
        },
        "introduce2": {
            "1": "",
            "2": ""
        },
        "startTime": "",
        "endTime": ""
    },
    {
        "id": 55,
        "title": "五周年纪念勋章",
        "icon": "medal_55",
        "condition": {
            "1": "1"
        },
        "subTitle": {
            "1": "一级"
        },
        "rlsLevel": 1,
        "cDesc1": {
            "1": "^C454545FF00000000纪念在2019年^C1C8BE5FF00000000战争协奏曲^C454545FF00000000中通过最终关卡的^C1C8BE5FF00000000普通BOSS"
        },
        "cDesc2": {
            "1": "通关战争协奏曲普通BOSS获得"
        },
        "introduce1": {
            "1": "^C454545FF00000000“纪念港区五周年。”"
        },
        "introduce2": {
            "1": "",
            "2": ""
        },
        "startTime": "",
        "endTime": ""
    },
    {
        "id": 56,
        "title": "五周年荣誉纪念勋章",
        "icon": "medal_56",
        "condition": {
            "1": "1"
        },
        "subTitle": {
            "1": "一级"
        },
        "rlsLevel": 1,
        "cDesc1": {
            "1": "^C454545FF00000000纪念在2019年^C1C8BE5FF00000000战争协奏曲^C454545FF00000000中通过最终关卡的^C1C8BE5FF00000000隐藏BOSS"
        },
        "cDesc2": {
            "1": "通关战争协奏曲隐藏BOSS获得"
        },
        "introduce1": {
            "1": "^C454545FF00000000“重要的五周年纪念勋章。”"
        },
        "introduce2": {
            "1": "",
            "2": ""
        },
        "startTime": "",
        "endTime": ""
    },
    {
        "id": 57,
        "title": "玉璧战功勋章",
        "icon": "medal_57",
        "condition": {
            "1": "1"
        },
        "subTitle": {
            "1": "一级"
        },
        "rlsLevel": 1,
        "cDesc1": {
            "1": "^C454545FF00000000纪念在2019年^C1C8BE5FF00000000女武神行动(复刻)^C454545FF00000000中通过^C1C8BE5FF00000000第一难度"
        },
        "cDesc2": {
            "1": "通关女武神行动（复刻）获得"
        },
        "introduce1": {
            "1": "^C454545FF00000000“象征指挥官的百折不挠”"
        },
        "introduce2": {
            "1": "",
            "2": ""
        },
        "startTime": "",
        "endTime": ""
    },
    {
        "id": 58,
        "title": "紫勋荣誉勋章",
        "icon": "medal_58",
        "condition": {
            "1": "1"
        },
        "subTitle": {
            "1": "一级"
        },
        "rlsLevel": 1,
        "cDesc1": {
            "1": "^C454545FF00000000纪念在2019年^C1C8BE5FF00000000女武神行动(复刻)^C454545FF00000000中通过^C1C8BE5FF00000000第二难度"
        },
        "cDesc2": {
            "1": "通关女武神行动（复刻）（困难）获得"
        },
        "introduce1": {
            "1": "^C454545FF00000000“嘉奖指挥官的功勋与卓越品格”"
        },
        "introduce2": {
            "1": "",
            "2": ""
        },
        "startTime": "",
        "endTime": ""
    },
    {
        "id": 59,
        "title": "金芒星作战勋章",
        "icon": "medal_59",
        "condition": {
            "1": "1"
        },
        "subTitle": {
            "1": "一级"
        },
        "rlsLevel": 1,
        "cDesc1": {
            "1": "^C454545FF00000000纪念在2020年^C1C8BE5FF00000000极地奏鸣曲^C454545FF00000000中通过最终关卡的^C1C8BE5FF00000000普通BOSS"
        },
        "cDesc2": {
            "1": "通关极地奏鸣曲普通BOSS获得"
        },
        "introduce1": {
            "1": "^C454545FF00000000“纪念指挥官取得战役胜利”"
        },
        "introduce2": {
            "1": "",
            "2": ""
        },
        "startTime": "",
        "endTime": ""
    },
    {
        "id": 60,
        "title": "海雕白金勋章",
        "icon": "medal_60",
        "condition": {
            "1": "1"
        },
        "subTitle": {
            "1": "一级"
        },
        "rlsLevel": 1,
        "cDesc1": {
            "1": "^C454545FF00000000纪念在2020年^C1C8BE5FF00000000极地奏鸣曲^C454545FF00000000中通过最终关卡的^C1C8BE5FF00000000隐藏BOSS"
        },
        "cDesc2": {
            "1": "通关极地奏鸣曲隐藏BOSS获得"
        },
        "introduce1": {
            "1": "^C454545FF00000000“嘉奖指挥舰队取得战役的指挥官”"
        },
        "introduce2": {
            "1": "",
            "2": ""
        },
        "startTime": "",
        "endTime": ""
    },
    {
        "id": 61,
        "title": "金大芒星胜利勋章",
        "icon": "medal_61",
        "condition": {
            "1": "1"
        },
        "subTitle": {
            "1": "一级"
        },
        "rlsLevel": 1,
        "cDesc1": {
            "1": "^C454545FF00000000纪念在2020年^C1C8BE5FF00000000轰隆轰隆大作战(复刻)^C454545FF00000000中通过^C1C8BE5FF00000000第一难度"
        },
        "cDesc2": {
            "1": "通关轰隆轰隆大作战（复刻）获得"
        },
        "introduce1": {
            "1": "^C454545FF00000000“奖励出色指挥战斗的舰队指挥官”"
        },
        "introduce2": {
            "1": "",
            "2": ""
        },
        "startTime": "",
        "endTime": ""
    },
    {
        "id": 62,
        "title": "武勋金芒星功绩勋章",
        "icon": "medal_62",
        "condition": {
            "1": "1"
        },
        "subTitle": {
            "1": "一级"
        },
        "rlsLevel": 1,
        "cDesc1": {
            "1": "^C454545FF00000000纪念在2020年^C1C8BE5FF00000000轰隆轰隆大作战(复刻)^C454545FF00000000中通过^C1C8BE5FF00000000第二难度"
        },
        "cDesc2": {
            "1": "通关轰隆轰隆大作战（复刻）（困难）获得"
        },
        "introduce1": {
            "1": "^C454545FF00000000“嘉奖在战役中表现优异的舰队指挥官”"
        },
        "introduce2": {
            "1": "",
            "2": ""
        },
        "startTime": "",
        "endTime": ""
    },
    {
        "id": 63,
        "title": "王冠十字海洋勋章",
        "icon": "medal_63",
        "condition": {
            "1": "1"
        },
        "subTitle": {
            "1": "一级"
        },
        "rlsLevel": 1,
        "cDesc1": {
            "1": "^C454545FF00000000纪念在2020年^C1C8BE5FF00000000扑火之蛾^C454545FF00000000中通过^C1C8BE5FF00000000第一难度"
        },
        "cDesc2": {
            "1": "通关扑火之蛾获得"
        },
        "introduce1": {
            "1": "^C454545FF00000000“象征舰队力量的强大”"
        },
        "introduce2": {
            "1": "",
            "2": ""
        },
        "startTime": "",
        "endTime": ""
    },
    {
        "id": 64,
        "title": "大十字芒星海洋勋章",
        "icon": "medal_64",
        "condition": {
            "1": "1"
        },
        "subTitle": {
            "1": "一级"
        },
        "rlsLevel": 1,
        "cDesc1": {
            "1": "^C454545FF00000000纪念在2020年^C1C8BE5FF00000000扑火之蛾^C454545FF00000000中通过^C1C8BE5FF00000000第二难度"
        },
        "cDesc2": {
            "1": "通关扑火之蛾（困难）获得"
        },
        "introduce1": {
            "1": "^C454545FF00000000“象征舰队在大洋上纵横四方”"
        },
        "introduce2": {
            "1": "",
            "2": ""
        },
        "startTime": "",
        "endTime": ""
    },
    {
        "id": 65,
        "title": "舰队之星盾章",
        "icon": "medal_65",
        "condition": {
            "1": "1"
        },
        "subTitle": {
            "1": "一级"
        },
        "rlsLevel": 1,
        "cDesc1": {
            "1": "^C454545FF00000000纪念在2020年^C1C8BE5FF00000000模拟演习作战（第一期）^C454545FF00000000中通过^C1C8BE5FF0000000021层"
        },
        "cDesc2": {
            "1": "通关模拟演习作战（第一期）第21层获得"
        },
        "introduce1": {
            "1": "^C454545FF00000000“嘉奖在战役指挥和战略指导方面有优异表现的指挥官”"
        },
        "introduce2": {
            "1": "",
            "2": ""
        },
        "startTime": "",
        "endTime": ""
    },
    {
        "id": 66,
        "title": "舰队荣耀盾章",
        "icon": "medal_66",
        "condition": {
            "1": "1"
        },
        "subTitle": {
            "1": "一级"
        },
        "rlsLevel": 1,
        "cDesc1": {
            "1": "^C454545FF00000000纪念在2020年^C1C8BE5FF00000000模拟演习作战（第一期）^C454545FF00000000中通过^C1C8BE5FF0000000040层"
        },
        "cDesc2": {
            "1": "通关模拟演习作战（第一期）第40层获得"
        },
        "introduce1": {
            "1": "^C454545FF00000000“ 此勋章是海军战略指导方面最高级别的嘉奖”"
        },
        "introduce2": {
            "1": "",
            "2": ""
        },
        "startTime": "",
        "endTime": ""
    },
    {
        "id": 67,
        "title": "白金十字勋章",
        "icon": "medal_67",
        "condition": {
            "1": "1"
        },
        "subTitle": {
            "1": "一级"
        },
        "rlsLevel": 1,
        "cDesc1": {
            "1": "^C454545FF00000000纪念在2020年^C1C8BE5FF00000000决战无畏之海(复刻)^C454545FF00000000中通过^C1C8BE5FF00000000第一难度"
        },
        "cDesc2": {
            "1": "通关决战无畏之海（复刻）获得"
        },
        "introduce1": {
            "1": "^C454545FF00000000“勋章嘉奖指挥官的出色表现”"
        },
        "introduce2": {
            "1": "",
            "2": ""
        },
        "startTime": "",
        "endTime": ""
    },
    {
        "id": 68,
        "title": "宝石十字荣耀勋章",
        "icon": "medal_68",
        "condition": {
            "1": "1"
        },
        "subTitle": {
            "1": "一级"
        },
        "rlsLevel": 1,
        "cDesc1": {
            "1": "^C454545FF00000000纪念在2020年^C1C8BE5FF00000000决战无畏之海(复刻)^C454545FF00000000中通过^C1C8BE5FF00000000第二难度"
        },
        "cDesc2": {
            "1": "通关决战无畏之海（复刻）（困难）获得"
        },
        "introduce1": {
            "1": "^C454545FF00000000“勋章象征舰队指挥官的卓越指挥”"
        },
        "introduce2": {
            "1": "",
            "2": ""
        },
        "startTime": "",
        "endTime": ""
    },
    {
        "id": 69,
        "title": "荣誉蓝十字勋章",
        "icon": "medal_69",
        "condition": {
            "1": "1"
        },
        "subTitle": {
            "1": "一级"
        },
        "rlsLevel": 1,
        "cDesc1": {
            "1": "^C454545FF00000000通关^C1C8BE5FF00000000立体强袭:盛开之崖^C454545FF00000000最终关卡^C1C8BE5FF00000000"
        },
        "cDesc2": {
            "1": "通关立体强袭:盛开之崖获得"
        },
        "introduce1": {
            "1": "^C454545FF00000000“授予出色完成战斗任务的舰队指挥官”"
        },
        "introduce2": {
            "1": "",
            "2": ""
        },
        "startTime": "",
        "endTime": ""
    },
    {
        "id": 70,
        "title": "蓝宝石大芒星勋章",
        "icon": "medal_70",
        "condition": {
            "1": "1"
        },
        "subTitle": {
            "1": "一级"
        },
        "rlsLevel": 1,
        "cDesc1": {
            "1": "^C454545FF00000000在高难度战况下，通关^C1C8BE5FF00000000立体强袭:盛开之崖^C454545FF00000000最终关卡^C1C8BE5FF00000000"
        },
        "cDesc2": {
            "1": "通关立体强袭:盛开之崖（困难）获得"
        },
        "introduce1": {
            "1": "^C454545FF00000000“勋章嘉奖立下卓越功勋的特混舰队指挥官”"
        },
        "introduce2": {
            "1": "",
            "2": ""
        },
        "startTime": "",
        "endTime": ""
    },
    {
        "id": 71,
        "title": "六周年纪念勋章",
        "icon": "medal_71",
        "condition": {
            "1": "1"
        },
        "subTitle": {
            "1": "一级"
        },
        "rlsLevel": 1,
        "cDesc1": {
            "1": "^C454545FF00000000纪念在2020年^C1C8BE5FF00000000浩瀚的战场^C454545FF00000000中S胜通过E4^C1C8BE5FF00000000最终关卡的J1点BOSS"
        },
        "cDesc2": {
            "1": "通关浩瀚的战场E4最终关卡的J1点BOSS获得"
        },
        "introduce1": {
            "1": "^C454545FF00000000“港区舰队六周年纪念勋章”"
        },
        "introduce2": {
            "1": "",
            "2": ""
        },
        "startTime": "",
        "endTime": ""
    },
    {
        "id": 72,
        "title": "六周年荣誉纪念勋章",
        "icon": "medal_72",
        "condition": {
            "1": "1"
        },
        "subTitle": {
            "1": "一级"
        },
        "rlsLevel": 1,
        "cDesc1": {
            "1": "^C454545FF00000000纪念在2020年^C1C8BE5FF00000000浩瀚的战场^C454545FF00000000中S胜通过E6^C1C8BE5FF00000000最终关卡的J1点BOSS"
        },
        "cDesc2": {
            "1": "通关浩瀚的战场E6最终关卡的J1点BOSS获得"
        },
        "introduce1": {
            "1": "^C454545FF00000000“庆祝与纪念港区舰队六周年”"
        },
        "introduce2": {
            "1": "",
            "2": ""
        },
        "startTime": "",
        "endTime": ""
    },
    {
        "id": 73,
        "title": "蓝宝石英雄勋章",
        "icon": "medal_73",
        "condition": {
            "1": "1"
        },
        "subTitle": {
            "1": "一级"
        },
        "rlsLevel": 1,
        "cDesc1": {
            "1": "^C454545FF00000000纪念在2020年^C1C8BE5FF00000000试胆大会^C454545FF00000000中通过^C1C8BE5FF00000000第一难度"
        },
        "cDesc2": {
            "1": "通关试胆大会获得"
        },
        "introduce1": {
            "1": "^C454545FF00000000嘉奖指挥官的英雄气概。"
        },
        "introduce2": {
            "1": "",
            "2": ""
        },
        "startTime": "",
        "endTime": ""
    },
    {
        "id": 74,
        "title": "金质勇敢者勋章",
        "icon": "medal_74",
        "condition": {
            "1": "1"
        },
        "subTitle": {
            "1": "一级"
        },
        "rlsLevel": 1,
        "cDesc1": {
            "1": "^C454545FF00000000纪念在2020年^C1C8BE5FF00000000试胆大会^C454545FF00000000中通过^C1C8BE5FF00000000第二难度"
        },
        "cDesc2": {
            "1": "通关试胆大会（困难）获得"
        },
        "introduce1": {
            "1": "^C454545FF00000000勋章嘉奖你战胜了自身内心的恐惧。"
        },
        "introduce2": {
            "1": "",
            "2": ""
        },
        "startTime": "",
        "endTime": ""
    },
    {
        "id": 75,
        "title": "王冠胜利盾勋章",
        "icon": "medal_75",
        "condition": {
            "1": "1"
        },
        "subTitle": {
            "1": "一级"
        },
        "rlsLevel": 1,
        "cDesc1": {
            "1": "^C454545FF00000000纪念在2020年^C1C8BE5FF00000000急速东方快车(复刻)^C454545FF00000000中通过^C1C8BE5FF00000000第一难度"
        },
        "cDesc2": {
            "1": "通关急速东方快车（复刻）获得"
        },
        "introduce1": {
            "1": "^C454545FF00000000嘉奖优异作战水平的舰队指挥官。"
        },
        "introduce2": {
            "1": "",
            "2": ""
        },
        "startTime": "",
        "endTime": ""
    },
    {
        "id": 76,
        "title": "金质胜利盾勋章",
        "icon": "medal_76",
        "condition": {
            "1": "1"
        },
        "subTitle": {
            "1": "一级"
        },
        "rlsLevel": 1,
        "cDesc1": {
            "1": "^C454545FF00000000纪念在2020年^C1C8BE5FF00000000急速东方快车(复刻)^C454545FF00000000中通过^C1C8BE5FF00000000第二难度"
        },
        "cDesc2": {
            "1": "通关急速东方快车（复刻）（困难）获得"
        },
        "introduce1": {
            "1": "^C454545FF00000000具备勇气与优异的作战水平的舰队之星。"
        },
        "introduce2": {
            "1": "",
            "2": ""
        },
        "startTime": "",
        "endTime": ""
    }
]