[
    {
        "id": 1,
        "title": "炮击支援",
        "type": 1,
        "icon": 1,
        "hit": "0",
        "atk": "0",
        "torpedo": "0",
        "oil": 30,
        "ammo": 40,
        "aluminium": "0",
        "levelUp": {
            "1": {
                "10241": 2
            },
            "2": {
                "10241": 3
            },
            "3": {
                "10241": 4
            }
        },
        "atkType": "0",
        "numMin": 10,
        "numMax": 40,
        "aircraftAtk": "0",
        "maxLevel": 4
    },
    {
        "id": 2,
        "title": "航空支援",
        "type": 2,
        "icon": 2,
        "hit": 40,
        "atk": "0",
        "torpedo": "0",
        "oil": "0",
        "ammo": 40,
        "aluminium": 40,
        "levelUp": {
            "1": {
                "10141": 2
            },
            "2": {
                "10141": 5
            },
            "3": {
                "10141": 10
            }
        },
        "atkType": "0",
        "numMin": 2,
        "numMax": 62,
        "aircraftAtk": 30,
        "maxLevel": 4
    },
    {
        "id": 3,
        "title": "2016冬活E4炮击支援",
        "type": 1,
        "icon": 1,
        "hit": "0",
        "atk": "0",
        "torpedo": "0",
        "oil": "0",
        "ammo": "0",
        "aluminium": "0",
        "levelUp": {
            "1": {
                "10241": 2
            },
            "2": {
                "10241": 3
            },
            "3": {
                "10241": 4
            }
        },
        "atkType": "0",
        "numMin": 10,
        "numMax": 25,
        "aircraftAtk": "0",
        "maxLevel": 4
    },
    {
        "id": 4,
        "title": "2016冬活E5航空支援",
        "type": 2,
        "icon": 2,
        "hit": 40,
        "atk": "0",
        "torpedo": "0",
        "oil": "0",
        "ammo": "0",
        "aluminium": 40,
        "levelUp": {
            "1": {
                "10141": 2
            },
            "2": {
                "10141": 5
            },
            "3": {
                "10141": 10
            }
        },
        "atkType": "0",
        "numMin": 15,
        "numMax": 45,
        "aircraftAtk": 30,
        "maxLevel": 4
    },
    {
        "id": 5,
        "title": "2016冬活E8炮击支援",
        "type": 1,
        "icon": 1,
        "hit": "0",
        "atk": "0",
        "torpedo": "0",
        "oil": "0",
        "ammo": "0",
        "aluminium": "0",
        "levelUp": {
            "1": {
                "10241": 2
            },
            "2": {
                "10241": 3
            },
            "3": {
                "10241": 4
            }
        },
        "atkType": "0",
        "numMin": 10,
        "numMax": 40,
        "aircraftAtk": "0",
        "maxLevel": 4
    },
    {
        "id": 6,
        "title": "2016冬活E9航空支援",
        "type": 2,
        "icon": 2,
        "hit": 40,
        "atk": "0",
        "torpedo": "0",
        "oil": "0",
        "ammo": "0",
        "aluminium": 40,
        "levelUp": {
            "1": {
                "10141": 2
            },
            "2": {
                "10141": 5
            },
            "3": {
                "10141": 10
            }
        },
        "atkType": "0",
        "numMin": 15,
        "numMax": 65,
        "aircraftAtk": 30,
        "maxLevel": 4
    },
    {
        "id": 7,
        "title": "潜艇支援",
        "type": 3,
        "icon": 3,
        "hit": "0",
        "atk": "0",
        "torpedo": "0",
        "oil": 40,
        "ammo": 40,
        "aluminium": "0",
        "levelUp": {
            "1": {
                "10541": 2
            },
            "2": {
                "10541": 5
            },
            "3": {
                "10541": 10
            }
        },
        "atkType": "0",
        "numMin": 20,
        "numMax": 50,
        "aircraftAtk": "0",
        "maxLevel": 4
    },
    {
        "id": 8,
        "title": "2017三周年航空支援",
        "type": 2,
        "icon": 2,
        "hit": 40,
        "atk": "0",
        "torpedo": "0",
        "oil": "0",
        "ammo": "0",
        "aluminium": 40,
        "levelUp": {
            "1": {
                "10141": 2
            },
            "2": {
                "10141": 5
            },
            "3": {
                "10141": 10
            }
        },
        "atkType": "0",
        "numMin": 15,
        "numMax": 35,
        "aircraftAtk": 30,
        "maxLevel": 4
    },
    {
        "id": 9,
        "title": "2017三周年潜艇支援",
        "type": 3,
        "icon": 3,
        "hit": "0",
        "atk": "0",
        "torpedo": "0",
        "oil": 40,
        "ammo": 40,
        "aluminium": "0",
        "levelUp": {
            "1": {
                "10541": 2
            },
            "2": {
                "10541": 5
            },
            "3": {
                "10541": 10
            }
        },
        "atkType": "0",
        "numMin": 20,
        "numMax": 40,
        "aircraftAtk": "0",
        "maxLevel": 4
    },
    {
        "id": 10,
        "title": "2017三周年航空支援",
        "type": 2,
        "icon": 2,
        "hit": 40,
        "atk": "0",
        "torpedo": "0",
        "oil": "0",
        "ammo": "0",
        "aluminium": 40,
        "levelUp": {
            "1": {
                "10141": 2
            },
            "2": {
                "10141": 5
            },
            "3": {
                "10141": 10
            }
        },
        "atkType": "0",
        "numMin": 20,
        "numMax": 45,
        "aircraftAtk": 30,
        "maxLevel": 4
    },
    {
        "id": 11,
        "title": "2017三周年潜艇支援",
        "type": 3,
        "icon": 3,
        "hit": "0",
        "atk": "0",
        "torpedo": "0",
        "oil": 40,
        "ammo": 40,
        "aluminium": "0",
        "levelUp": {
            "1": {
                "10541": 2
            },
            "2": {
                "10541": 5
            },
            "3": {
                "10541": 10
            }
        },
        "atkType": "0",
        "numMin": 25,
        "numMax": 50,
        "aircraftAtk": "0",
        "maxLevel": 4
    },
    {
        "id": 12,
        "title": "奇袭支援",
        "type": 4,
        "icon": "0",
        "hit": "0",
        "atk": "0",
        "torpedo": "0",
        "oil": "0",
        "ammo": "0",
        "aluminium": "0",
        "levelUp": {
            "1": {
                "10541": 2
            },
            "2": {
                "10541": 5
            },
            "3": {
                "10541": 10
            }
        },
        "atkType": "0",
        "numMin": "0",
        "numMax": "0",
        "aircraftAtk": "0",
        "maxLevel": 4
    }
]