[
    {
        "id": 1,
        "title": "纳尔维克海战",
        "icon": 1,
        "limitNum": 2,
        "unlockDesc": "通关1-2开启"
    },
    {
        "id": 2,
        "title": "马塔潘角海战",
        "icon": 2,
        "limitNum": 2,
        "unlockDesc": "通关1-4开启"
    },
    {
        "id": 3,
        "title": "丹麦海峡海战",
        "icon": 3,
        "limitNum": 2,
        "unlockDesc": "通关2-2开启"
    },
    {
        "id": 4,
        "title": "珊瑚海海战",
        "icon": 4,
        "limitNum": 2,
        "unlockDesc": "通关2-4开启"
    },
    {
        "id": 5,
        "title": "海峡伏击战",
        "icon": 5,
        "limitNum": 2,
        "unlockDesc": "通关3-2开启"
    }
]