[
    {
        "id": 1,
        "title": "海洋之心",
        "award": 10144,
        "desc": "征服了海洋的人才有的称号，由皇家海军厌战号授予。",
        "furnitureCids": [
            10000971,
            10013371,
            10013471,
            10013971,
            10014371,
            10014571,
            10014771,
            10014871
        ]
    },
    {
        "id": 2,
        "title": "英雄X",
        "award": 10244,
        "desc": "港区里留下了英雄X的信息，究竟隐藏着什么样的秘密……",
        "furnitureCids": [
            10000671,
            10011471,
            10005871,
            10012071
        ]
    },
    {
        "id": 4,
        "title": "港区的奇妙历险",
        "award": 10444,
        "desc": "港区总会有一些奇奇怪怪的东西，不知道是做什么用的。",
        "furnitureCids": [
            10005871,
            10009271,
            10009471,
            10011671,
            10011571
        ]
    },
    {
        "id": 6,
        "title": "旧货回收员",
        "award": 10544,
        "desc": "“旧冰箱，旧洗衣机，旧家电，回收啦——！”每天早上，港区都会回响着这样的声音。",
        "furnitureCids": [
            10006971,
            10007271,
            10013671,
            10100571,
            10200771,
            10007871
        ]
    },
    {
        "id": 7,
        "title": "休闲时光",
        "award": 10644,
        "desc": "工作之余，喝一杯咖啡，与朋友闲聊，游玩，真是惬意。",
        "furnitureCids": [
            10016271,
            10017371,
            10002971,
            10003971,
            10006071,
            10006171,
            10001971,
            10007971,
            10007771,
            10011271,
            10011371
        ]
    },
    {
        "id": 8,
        "title": "简朴的提督",
        "award": 10243,
        "desc": "家具不便宜，收集不容易，且用且珍惜。",
        "furnitureCids": [
            10014071,
            10014671,
            10015171,
            10015271,
            10000471,
            10000171,
            10000271,
            10000371,
            10007171,
            10001171
        ]
    },
    {
        "id": 9,
        "title": "豪华港区",
        "award": 10744,
        "desc": "这装修，就连大和和前卫都自愧不如。",
        "furnitureCids": [
            10013471,
            10014371,
            10014771,
            10002771,
            10007471,
            10008471,
            10009171,
            10012771,
            10008871,
            10009971,
            10011171
        ]
    },
    {
        "id": 10,
        "title": "热爱学习",
        "award": 10844,
        "desc": "热爱学习，沉迷学习，无法自拔。特授予此称号。",
        "furnitureCids": [
            10011771,
            10011871,
            10016271,
            10002371,
            10009371,
            10015771
        ]
    },
    {
        "id": 12,
        "title": "现代化港区",
        "award": 10143,
        "desc": "港区配备了诸多现代化设施，满足了大家的各种需求，深受大家的喜爱。",
        "furnitureCids": [
            10016271,
            10016371,
            10016471,
            10002071,
            10006071,
            10011271,
            10005971
        ]
    },
    {
        "id": 13,
        "title": "历史的痕迹",
        "award": 10944,
        "desc": "港区饱经风霜，留下了许多历史的痕迹，需要你去一一发掘。",
        "furnitureCids": [
            10013371,
            10001071,
            10004371,
            10003971,
            10012071,
            10005871
        ]
    },
    {
        "id": 16,
        "title": "荷枪实弹",
        "award": 11044,
        "desc": "即使是模型，也充满了杀伤力。",
        "furnitureCids": [
            10008071,
            10008471,
            10007471,
            10001071,
            10000971,
            10005871
        ]
    },
    {
        "id": 17,
        "title": "永无止境的五月",
        "award": 11144,
        "desc": "时间仿佛永远停滞在这一刻，陷入无止境的循环之中。",
        "furnitureCids": [
            10012171,
            10012271,
            10011171,
            10007771
        ]
    },
    {
        "id": 18,
        "title": "财团X的阴谋",
        "award": 11244,
        "desc": "一切都是为了守护■■■的笑容！",
        "furnitureCids": [
            10002071,
            10007471,
            10008471,
            10008071,
            10009471
        ]
    },
    {
        "id": 21,
        "title": "科技改变生活",
        "award": 11344,
        "desc": "“只有最了解大海的人，才能征服大海！”——获得铁底湾胜利后的演讲。",
        "furnitureCids": [
            10018171,
            10018371,
            10018971,
            10019271
        ]
    },
    {
        "id": 23,
        "title": "爱丽丝的画中世界",
        "award": 11444,
        "desc": "奇妙的画中世界，究竟隐藏着怎样的秘密呢？",
        "furnitureCids": [
            10021571,
            10021671,
            10021771,
            10021971,
            10022171,
            10022271,
            10022571
        ]
    },
    {
        "id": 25,
        "title": "如胶似漆",
        "award": 11744,
        "desc": "一日不见，如隔三秋兮……这是工匠精神的象征。",
        "furnitureCids": [
            10020071,
            10020171,
            10020371,
            10020671,
            10020771,
            10020971,
            10021071,
            10021171,
            10021271
        ]
    }
]