[
    {
        "id": 1,
        "type": 1,
        "desc": "蒹葭苍苍，白露为霜。所谓伊人，在水一方。\\n临近春节，港区也弥漫在新春的喜悦中，而Z1和Z16却为了谁更有淑女味而争吵了起来。为了选出谁更具有淑女味，港区“褰裳菁华”杯人气大赛正式开始啦~！\\n活动时间：2020年1月17日15:00-2020年2月7日15:00\\n计票时间：2020年2月7日15:00-2020年2月10日15:00\\n活动选手：\\nZ1-霓裳彩羽；Z16-月夜芳华\\n活动规则：\\n1.本次活动将会出现两种不同的道具：“蒹葭”和“玫瑰”。\\n“蒹葭”和“玫瑰”仅能在“联合作战”的娱乐模式商店兑换和新年期间限时任务中获得。\\n“蒹葭”：送出后，对应角色人气值+1；“玫瑰”：送出后：对应角色人气值+15。\\n2.活动结束后会对iOS和安卓的全部官方服务器的票数进行统计，计票环节内玩家只能查看票数不能投票。最终获胜的一方对应换装会在活动结束后送给全体投票玩家，同时，另一个换装将上架换装商城出售。",
        "aTitle": "Z16-月夜芳华",
        "aCid": 2,
        "aPic": "",
        "aWin": "大红灯笼高高挂，Z16要谢大家！",
        "aLose": "难道是Z16还不够有大人的魅力吗？",
        "bTitle": "Z1-霓裳彩羽",
        "bCid": 1,
        "bPic": "",
        "bWin": "还是姐姐我比较厉害嘛！怎么样，服不服气？",
        "bLose": "输给了Z16，脸丢尽了，怎么会这样！",
        "aPrepare": "看样子，我要后来居上了！",
        "bPrepare": "了不起嘛，不过，也到此为止了！",
        "aLead": "大人的魅力，还是我理解比较深刻嘛~",
        "aBackward": "可恶，不过，Z16不会放弃的！",
        "bLead": "还是放弃比较好哦，Z16~",
        "bBackward": "什么？！我怎么会输给你！",
        "aThank": "长官，要我给你什么奖赏呢？",
        "bThank": "谢谢长官啦~！Z1给您唱个曲~",
        "aThank2": "我的魅力，没人可以抵挡。",
        "bThank2": "看来你还是比较关心我的嘛。",
        "aX": 325,
        "aY": 390,
        "bX": 955,
        "bY": 360,
        "aDialogX": 465,
        "aDialogY": 295,
        "bDialogX": 765,
        "bDialogY": 295
    }
]