[
    {
        "id": 174,
        "title": "罗马浴场",
        "desc": "有谁不爱这样的浴场呢？不仅可以泡澡，还能担任小型集市的作用。哦，我亲爱的朋友，再来一杯——",
        "effect": {
            "time": 1,
            "res": 1
        },
        "bgm": "bathroom",
        "award": null
    },
    {
        "id": 274,
        "title": "和风温泉",
        "desc": "看着远处的雪景，浸泡在温泉之中，感觉自身仿佛要如同雪一般融化了。个中滋味，真是难以忘怀。（购买后，舰船修理时间-10%）",
        "effect": {
            "time": 0.9,
            "res": 1
        },
        "bgm": "bathroom2",
        "award": {
            "4975": 1
        }
    },
    {
        "id": 374,
        "title": "曲径通幽",
        "desc": "全石以为底，近岸，卷石底以出，为坻，为屿，为嵁，为岩。青树翠蔓，蒙络摇缀，参差披拂。（购买后，舰船修理消耗资源-3%）",
        "effect": {
            "time": 1,
            "res": 0.97
        },
        "bgm": "bathroom3",
        "award": {
            "5975": 1
        }
    }
]