[
    {
        "id": 1,
        "cid": 175,
        "title": "港口-昼",
        "res": "port-day",
        "sort": 1,
        "res2": "sixth_anniversary",
        "startTime": 1600790401,
        "endTime": 1606147199,
        "playType": "0",
        "playDesc": "0"
    },
    {
        "id": 2,
        "cid": 275,
        "title": "港口-夜",
        "res": "port-night",
        "sort": 2,
        "res2": "sixth_anniversary",
        "startTime": 1600790401,
        "endTime": 1606147199,
        "playType": "0",
        "playDesc": "0"
    },
    {
        "id": 3,
        "cid": 375,
        "title": "建造开发I",
        "res": "work",
        "sort": 3,
        "res2": "",
        "startTime": "",
        "endTime": "",
        "playType": "0",
        "playDesc": "0"
    },
    {
        "id": 4,
        "cid": 475,
        "title": "作战部署I",
        "res": "move",
        "sort": 4,
        "res2": "",
        "startTime": "",
        "endTime": "",
        "playType": "0",
        "playDesc": "0"
    },
    {
        "id": 5,
        "cid": 575,
        "title": "作战部署Ⅱ",
        "res": "move2",
        "sort": 5,
        "res2": "",
        "startTime": "",
        "endTime": "",
        "playType": "0",
        "playDesc": "0"
    },
    {
        "id": 6,
        "cid": 675,
        "title": "战斗-白天I",
        "res": "battle-day",
        "sort": 6,
        "res2": "",
        "startTime": "",
        "endTime": "",
        "playType": "0",
        "playDesc": "0"
    },
    {
        "id": 7,
        "cid": 775,
        "title": "战斗-夜间I",
        "res": "battle-night",
        "sort": 7,
        "res2": "",
        "startTime": "",
        "endTime": "",
        "playType": "0",
        "playDesc": "0"
    },
    {
        "id": 8,
        "cid": 875,
        "title": "战斗-强敌I",
        "res": "battle-boss",
        "sort": 8,
        "res2": "",
        "startTime": "",
        "endTime": "",
        "playType": "0",
        "playDesc": "0"
    },
    {
        "id": 9,
        "cid": 975,
        "title": "战斗-白天Ⅱ",
        "res": "battle-day2",
        "sort": 9,
        "res2": "",
        "startTime": "",
        "endTime": "",
        "playType": "0",
        "playDesc": "0"
    },
    {
        "id": 10,
        "cid": 1075,
        "title": "战斗-夜间Ⅱ",
        "res": "battle-night2",
        "sort": 10,
        "res2": "",
        "startTime": "",
        "endTime": "",
        "playType": "0",
        "playDesc": "0"
    },
    {
        "id": 11,
        "cid": 1175,
        "title": "战斗-强敌Ⅱ",
        "res": "battle-boss2",
        "sort": 11,
        "res2": "",
        "startTime": "",
        "endTime": "",
        "playType": "0",
        "playDesc": "0"
    },
    {
        "id": 12,
        "cid": 1275,
        "title": "活动战役I",
        "res": "battle-event2",
        "sort": 12,
        "res2": "",
        "startTime": "",
        "endTime": "",
        "playType": "0",
        "playDesc": "0"
    },
    {
        "id": 13,
        "cid": 1375,
        "title": "契约",
        "res": "weding",
        "sort": 13,
        "res2": "",
        "startTime": "",
        "endTime": "",
        "playType": "0",
        "playDesc": "0"
    },
    {
        "id": 14,
        "cid": 1475,
        "title": "活动战役Ⅱ",
        "res": "battle-event",
        "sort": 14,
        "res2": "",
        "startTime": "",
        "endTime": "",
        "playType": "0",
        "playDesc": "0"
    },
    {
        "id": 15,
        "cid": 1575,
        "title": "作战部署Ⅲ",
        "res": "move3",
        "sort": 15,
        "res2": "",
        "startTime": "",
        "endTime": "",
        "playType": "0",
        "playDesc": "0"
    },
    {
        "id": 16,
        "cid": 1675,
        "title": "战斗-白天Ⅲ",
        "res": "battle-day3",
        "sort": 16,
        "res2": "",
        "startTime": "",
        "endTime": "",
        "playType": "0",
        "playDesc": "0"
    },
    {
        "id": 17,
        "cid": 1775,
        "title": "大建出奇迹",
        "res": "work2",
        "sort": 17,
        "res2": "",
        "startTime": "",
        "endTime": "",
        "playType": "0",
        "playDesc": "0"
    },
    {
        "id": 18,
        "cid": 1875,
        "title": "提督室-晨",
        "res": "room-dawn",
        "sort": 18,
        "res2": "",
        "startTime": "",
        "endTime": "",
        "playType": "0",
        "playDesc": "0"
    },
    {
        "id": 19,
        "cid": 1975,
        "title": "提督室-昼",
        "res": "room-noon",
        "sort": 19,
        "res2": "",
        "startTime": "",
        "endTime": "",
        "playType": "0",
        "playDesc": "0"
    },
    {
        "id": 20,
        "cid": 2075,
        "title": "提督室-夕",
        "res": "room-dusk",
        "sort": 20,
        "res2": "",
        "startTime": "",
        "endTime": "",
        "playType": "0",
        "playDesc": "0"
    },
    {
        "id": 21,
        "cid": 2175,
        "title": "提督室-夜",
        "res": "room-night",
        "sort": 21,
        "res2": "",
        "startTime": "",
        "endTime": "",
        "playType": "0",
        "playDesc": "0"
    },
    {
        "id": 22,
        "cid": 2275,
        "title": "港口-二周年",
        "res": "2nd_anniversary_c",
        "sort": 22,
        "res2": "",
        "startTime": "",
        "endTime": "",
        "playType": "0",
        "playDesc": "0"
    },
    {
        "id": 23,
        "cid": 2375,
        "title": "潜入行动",
        "res": "battle-escape",
        "sort": 23,
        "res2": "",
        "startTime": "",
        "endTime": "",
        "playType": "0",
        "playDesc": "0"
    },
    {
        "id": 24,
        "cid": 2475,
        "title": "港口圣诞—昼",
        "res": "Christmas",
        "sort": 24,
        "res2": "",
        "startTime": "",
        "endTime": "",
        "playType": "0",
        "playDesc": "0"
    },
    {
        "id": 25,
        "cid": 2575,
        "title": "港口圣诞—夜",
        "res": "SilentNight",
        "sort": 25,
        "res2": "",
        "startTime": "",
        "endTime": "",
        "playType": "0",
        "playDesc": "0"
    },
    {
        "id": 26,
        "cid": 2675,
        "title": "生活区",
        "res": "dormitory",
        "sort": 26,
        "res2": "",
        "startTime": "",
        "endTime": "",
        "playType": "0",
        "playDesc": "0"
    },
    {
        "id": 27,
        "cid": 2775,
        "title": "活动战役Ⅲ",
        "res": "battle-event3",
        "sort": 27,
        "res2": "",
        "startTime": "",
        "endTime": "",
        "playType": "0",
        "playDesc": "0"
    },
    {
        "id": 28,
        "cid": 2875,
        "title": "浴室",
        "res": "bathroom",
        "sort": 28,
        "res2": "",
        "startTime": "",
        "endTime": "",
        "playType": "0",
        "playDesc": "0"
    },
    {
        "id": 29,
        "cid": 2975,
        "title": "食堂",
        "res": "restaurant",
        "sort": 29,
        "res2": "",
        "startTime": "",
        "endTime": "",
        "playType": "0",
        "playDesc": "0"
    },
    {
        "id": 30,
        "cid": 3075,
        "title": "港口-三周年",
        "res": "3rd_anniversary",
        "sort": 30,
        "res2": "",
        "startTime": "",
        "endTime": "",
        "playType": "0",
        "playDesc": "0"
    },
    {
        "id": 31,
        "cid": 3175,
        "title": "三周年活动阶段1",
        "res": "3rd_stage_1",
        "sort": 31,
        "res2": "",
        "startTime": "",
        "endTime": "",
        "playType": "0",
        "playDesc": "0"
    },
    {
        "id": 32,
        "cid": 3275,
        "title": "三周年活动阶段2",
        "res": "3rd_stage_2",
        "sort": 32,
        "res2": "",
        "startTime": "",
        "endTime": "",
        "playType": "0",
        "playDesc": "0"
    },
    {
        "id": 33,
        "cid": 3375,
        "title": "三周年活动阶段3",
        "res": "3rd_stage_3",
        "sort": 33,
        "res2": "",
        "startTime": "",
        "endTime": "",
        "playType": "0",
        "playDesc": "0"
    },
    {
        "id": 34,
        "cid": 3475,
        "title": "港口圣诞—昼Ⅱ",
        "res": "Christmas2",
        "sort": 34,
        "res2": "",
        "startTime": "",
        "endTime": "",
        "playType": "0",
        "playDesc": "0"
    },
    {
        "id": 35,
        "cid": 3575,
        "title": "港口圣诞—夜Ⅱ",
        "res": "SilentNight2",
        "sort": 35,
        "res2": "",
        "startTime": "",
        "endTime": "",
        "playType": "0",
        "playDesc": "0"
    },
    {
        "id": 36,
        "cid": 3675,
        "title": "活动战役Ⅳ",
        "res": "battle-event4",
        "sort": 36,
        "res2": "",
        "startTime": "",
        "endTime": "",
        "playType": "0",
        "playDesc": "0"
    },
    {
        "id": 37,
        "cid": 3775,
        "title": "学院",
        "res": "school",
        "sort": 37,
        "res2": "",
        "startTime": "",
        "endTime": "",
        "playType": "0",
        "playDesc": "0"
    },
    {
        "id": 38,
        "cid": 3875,
        "title": "建造开发Ⅱ",
        "res": "work3",
        "sort": 38,
        "res2": "",
        "startTime": "",
        "endTime": "",
        "playType": "0",
        "playDesc": "0"
    },
    {
        "id": 39,
        "cid": 3975,
        "title": "作战部署Ⅳ",
        "res": "move5",
        "sort": 39,
        "res2": "",
        "startTime": "",
        "endTime": "",
        "playType": "0",
        "playDesc": "0"
    },
    {
        "id": 40,
        "cid": 4075,
        "title": "炮声的誓言(off vocal)",
        "res": "battle_theme",
        "sort": 40,
        "res2": "",
        "startTime": "",
        "endTime": "",
        "playType": "0",
        "playDesc": "0"
    },
    {
        "id": 41,
        "cid": 4175,
        "title": "炮声的誓言",
        "res": "battle_theme2",
        "sort": 41,
        "res2": "",
        "startTime": "",
        "endTime": "",
        "playType": "0",
        "playDesc": "0"
    },
    {
        "id": 42,
        "cid": 4275,
        "title": "奇猫博士",
        "res": "Bismarck",
        "sort": 42,
        "res2": "",
        "startTime": "",
        "endTime": "",
        "playType": 1,
        "playDesc": "获取换装“奇猫博士”"
    },
    {
        "id": 43,
        "cid": 4375,
        "title": "皇家特工",
        "res": "Hood",
        "sort": 43,
        "res2": "",
        "startTime": "",
        "endTime": "",
        "playType": 1,
        "playDesc": "获取换装“皇家特工”"
    },
    {
        "id": 44,
        "cid": 4475,
        "title": "和风居室",
        "res": "dormitory_jp",
        "sort": 44,
        "res2": "",
        "startTime": "",
        "endTime": "",
        "playType": 2,
        "playDesc": "获取家具“米黄色障子门墙纸”"
    },
    {
        "id": 45,
        "cid": 4575,
        "title": "爵士俱乐部",
        "res": "dormitory_jazz",
        "sort": 45,
        "res2": "",
        "startTime": "",
        "endTime": "",
        "playType": 2,
        "playDesc": "获取家具“凤纹墙纸”"
    },
    {
        "id": 46,
        "cid": 4675,
        "title": "中式古典家居",
        "res": "dormitory_cn",
        "sort": 46,
        "res2": "",
        "startTime": "",
        "endTime": "",
        "playType": 2,
        "playDesc": "获取家具“中式印花墙纸”"
    },
    {
        "id": 47,
        "cid": 4775,
        "title": "欧式风情",
        "res": "dormitory_eu",
        "sort": 47,
        "res2": "",
        "startTime": "",
        "endTime": "",
        "playType": 2,
        "playDesc": "获取家具“欧式风情墙纸”"
    },
    {
        "id": 48,
        "cid": 4875,
        "title": "未来科技工作室",
        "res": "dormitory_model",
        "sort": 48,
        "res2": "",
        "startTime": "",
        "endTime": "",
        "playType": 2,
        "playDesc": "获取家具“纯白墙面”"
    },
    {
        "id": 49,
        "cid": 4975,
        "title": "和风温泉",
        "res": "bathroom2",
        "sort": 49,
        "res2": "",
        "startTime": "",
        "endTime": "",
        "playType": 3,
        "playDesc": "获取浴室风格“和风温泉”"
    },
    {
        "id": 50,
        "cid": 5075,
        "title": "活动战役V",
        "res": "battle-event6",
        "sort": 50,
        "res2": "",
        "startTime": "",
        "endTime": "",
        "playType": "0",
        "playDesc": "0"
    },
    {
        "id": 51,
        "cid": 5175,
        "title": "港口昼—四周年",
        "res": "fourth_anniversary_day",
        "sort": 51,
        "res2": "",
        "startTime": "",
        "endTime": "",
        "playType": "0",
        "playDesc": "0"
    },
    {
        "id": 52,
        "cid": 5275,
        "title": "港口夜—四周年",
        "res": "fourth_anniversary_night",
        "sort": 52,
        "res2": "",
        "startTime": "",
        "endTime": "",
        "playType": "0",
        "playDesc": "0"
    },
    {
        "id": 53,
        "cid": 5375,
        "title": "作战部署V",
        "res": "move6",
        "sort": 53,
        "res2": "",
        "startTime": "",
        "endTime": "",
        "playType": "0",
        "playDesc": "0"
    },
    {
        "id": 54,
        "cid": 5475,
        "title": "活动战役Ⅵ",
        "res": "battle-event7",
        "sort": 54,
        "res2": "",
        "startTime": "",
        "endTime": "",
        "playType": "0",
        "playDesc": "0"
    },
    {
        "id": 55,
        "cid": 5575,
        "title": "作战部署Ⅵ",
        "res": "move7",
        "sort": 55,
        "res2": "",
        "startTime": "",
        "endTime": "",
        "playType": "0",
        "playDesc": "0"
    },
    {
        "id": 56,
        "cid": 5675,
        "title": "活动战役Ⅶ",
        "res": "battle-event8",
        "sort": 56,
        "res2": "",
        "startTime": "",
        "endTime": "",
        "playType": "0",
        "playDesc": "0"
    },
    {
        "id": 57,
        "cid": 5775,
        "title": "港口圣诞—昼Ⅲ",
        "res": "Christmas3",
        "sort": 57,
        "res2": "",
        "startTime": "",
        "endTime": "",
        "playType": "0",
        "playDesc": "0"
    },
    {
        "id": 58,
        "cid": 5875,
        "title": "港口圣诞—夜Ⅲ",
        "res": "SilentNight3",
        "sort": 58,
        "res2": "",
        "startTime": "",
        "endTime": "",
        "playType": "0",
        "playDesc": "0"
    },
    {
        "id": 59,
        "cid": 5975,
        "title": "林间洞天",
        "res": "bathroom3",
        "sort": 59,
        "res2": "",
        "startTime": "",
        "endTime": "",
        "playType": 3,
        "playDesc": "获取浴室风格“曲径通幽”"
    },
    {
        "id": 60,
        "cid": 6075,
        "title": "月背折桂",
        "res": "changchun",
        "sort": 60,
        "res2": "",
        "startTime": "",
        "endTime": "",
        "playType": 1,
        "playDesc": "获取换装“月背折桂”"
    },
    {
        "id": 61,
        "cid": 6175,
        "title": "恋之歌",
        "res": "Shinano",
        "sort": 61,
        "res2": "",
        "startTime": "",
        "endTime": "",
        "playType": 1,
        "playDesc": "获取换装“恋之歌”"
    },
    {
        "id": 62,
        "cid": 6275,
        "title": "血之华",
        "res": "Formidable",
        "sort": 62,
        "res2": "",
        "startTime": "",
        "endTime": "",
        "playType": 1,
        "playDesc": "获取换装“血之华”"
    },
    {
        "id": 63,
        "cid": 6375,
        "title": "作战部署Ⅶ",
        "res": "move8",
        "sort": 63,
        "res2": "",
        "startTime": "",
        "endTime": "",
        "playType": "0",
        "playDesc": "0"
    },
    {
        "id": 64,
        "cid": 6475,
        "title": "活动战役Ⅷ",
        "res": "battle-event9",
        "sort": 64,
        "res2": "",
        "startTime": "",
        "endTime": "",
        "playType": "0",
        "playDesc": "0"
    },
    {
        "id": 65,
        "cid": 6575,
        "title": "港口-五周年",
        "res": "fifth_anniversary",
        "sort": 65,
        "res2": "",
        "startTime": "",
        "endTime": "",
        "playType": "0",
        "playDesc": "0"
    },
    {
        "id": 66,
        "cid": 6675,
        "title": "活动战役Ⅸ",
        "res": "battle-event10",
        "sort": 66,
        "res2": "",
        "startTime": "",
        "endTime": "",
        "playType": "0",
        "playDesc": "0"
    },
    {
        "id": 67,
        "cid": 6775,
        "title": "作战部署Ⅷ",
        "res": "move10",
        "sort": 67,
        "res2": "",
        "startTime": "",
        "endTime": "",
        "playType": "0",
        "playDesc": "0"
    },
    {
        "id": 68,
        "cid": 6875,
        "title": "活动战役Ⅹ",
        "res": "battle-event11",
        "sort": 68,
        "res2": "",
        "startTime": "",
        "endTime": "",
        "playType": "0",
        "playDesc": "0"
    },
    {
        "id": 69,
        "cid": 6975,
        "title": "作战部署Ⅸ",
        "res": "move11",
        "sort": 69,
        "res2": "",
        "startTime": "",
        "endTime": "",
        "playType": "0",
        "playDesc": "0"
    },
    {
        "id": 70,
        "cid": 7075,
        "title": "活动战役XI",
        "res": "battle-event12",
        "sort": 70,
        "res2": "",
        "startTime": "",
        "endTime": "",
        "playType": "0",
        "playDesc": "0"
    },
    {
        "id": 71,
        "cid": 7175,
        "title": "港口-六周年",
        "res": "sixth_anniversary",
        "sort": 71,
        "res2": "",
        "startTime": "",
        "endTime": "",
        "playType": "0",
        "playDesc": "0"
    }
]