[
    {
        "id": 1,
        "title": "二级战斗荣誉奖章",
        "icon": "1_1",
        "desc": "颁发给在与敌人作战中，完成关键击杀的舰娘。"
    },
    {
        "id": 2,
        "title": "二级战役之星奖章",
        "icon": "2_1",
        "desc": "这是一种资历奖章，纪念参与的每次战役。"
    },
    {
        "id": 3,
        "title": "一级战斗荣誉奖章",
        "icon": "1_2",
        "desc": "颁发给在与敌人作战中，完成超乎寻常的任务，击杀敌人的舰娘。"
    },
    {
        "id": 4,
        "title": "一级战役之星奖章",
        "icon": "2_2",
        "desc": "这种资历奖章用以纪念参与过著名激烈战役，并表现出色的舰娘。"
    },
    {
        "id": 5,
        "title": "二级卫国战争纪念章",
        "icon": "3_1",
        "desc": "嘉奖参加过炮火弧线防御战役，在战斗中表现突出的舰娘。"
    },
    {
        "id": 6,
        "title": "一级卫国战争纪念章",
        "icon": "3_2",
        "desc": "嘉奖参加过英雄城防御战役，在战斗中表现突出的舰娘。"
    },
    {
        "id": 7,
        "title": "银质军事功勋纪念章",
        "icon": "4_1",
        "desc": "作为参与了这场残酷战役的纪念和嘉奖"
    },
    {
        "id": 8,
        "title": "金质军事功勋纪念章",
        "icon": "4_2",
        "desc": "作为参与了这场史诗般战役的纪念与嘉奖"
    },
    {
        "id": 9,
        "title": "银质皇冠纪念章",
        "icon": "5_1",
        "desc": "纪念和奖励完成关键一击的舰娘"
    },
    {
        "id": 10,
        "title": "金质皇冠纪念章",
        "icon": "5_2",
        "desc": "该章用以纪念和奖励完成不可思议的击杀的舰娘"
    },
    {
        "id": 11,
        "title": "银质战功嘉奖纪念章",
        "icon": "6_1",
        "desc": "奖章颁发作为参与了关键战役的嘉奖和纪念"
    },
    {
        "id": 12,
        "title": "金质战功嘉奖纪念章",
        "icon": "6_2",
        "desc": "这枚奖章作为勇气的象征颁发给参与了这次残酷战役的舰娘"
    },
    {
        "id": 13,
        "title": "海军武勋奖章",
        "icon": "7_1",
        "desc": "并肩作战的奖励"
    },
    {
        "id": 14,
        "title": "海军武勋十字奖章",
        "icon": "7_2",
        "desc": "“我对于我们彼此的勇敢深信不疑，我们必将赢得完全胜利”"
    },
    {
        "id": 15,
        "title": "银质勇武盾章",
        "icon": "8_1",
        "desc": "授予在征战中立下功勋的舰娘"
    },
    {
        "id": 16,
        "title": "金质勇武盾章",
        "icon": "8_2",
        "desc": "授予英雄般出色完成作战任务的舰娘"
    },
    {
        "id": 17,
        "title": "荣誉纪念章",
        "icon": "9_1",
        "desc": "授予了参与了这场艰辛战役的舰娘。"
    },
    {
        "id": 18,
        "title": "荣耀功勋纪念章",
        "icon": "9_2",
        "desc": "藐视战斗的困难与艰辛。"
    },
    {
        "id": 19,
        "title": "杰出作战奖章",
        "icon": "10_1",
        "desc": "授予在战斗中完全展现了自己火力的舰娘。"
    },
    {
        "id": 20,
        "title": "金质优异作战奖章",
        "icon": "10_2",
        "desc": "“抢占上风，恪尽职守。”"
    },
    {
        "id": 21,
        "title": "一级作战十字奖章",
        "icon": "11_1",
        "desc": "授予参加两栖立体作战并表现出色的舰娘。"
    },
    {
        "id": 22,
        "title": "特级作战十字奖章",
        "icon": "12_1",
        "desc": "授予参与了这次规模庞大的两栖立体作战的舰娘。"
    },
    {
        "id": 23,
        "title": "特级英勇奖章",
        "icon": "12_2",
        "desc": "授予在支援任务中，不顾自身安危，以火力击败了敌方要塞的舰娘。"
    },
    {
        "id": 24,
        "title": "勇气盾牌奖章",
        "icon": "13_1",
        "desc": "嘉奖战斗中英勇卓绝的战斗行为"
    },
    {
        "id": 25,
        "title": "英勇星芒奖章",
        "icon": "13_2",
        "desc": "“您在战斗中展现出的气概和勇气足以和恒星相比”"
    },
    {
        "id": 26,
        "title": "远航作战奖章",
        "icon": "14_1",
        "desc": "奖章用以嘉奖参与了重大海上战役的成员"
    },
    {
        "id": 27,
        "title": "特级远洋作战奖章",
        "icon": "14_2",
        "desc": "这枚特别的勋章是作为这次史诗般战役的纪念和嘉奖。"
    },
    {
        "id": 28,
        "title": "猎鹰勇气奖章",
        "icon": "15_1",
        "desc": "授予参加了一系列立体作战的舰娘"
    },
    {
        "id": 29,
        "title": "军团特级英勇奖章",
        "icon": "16_1",
        "desc": "这场战役的胜利必将载入史册"
    },
    {
        "id": 30,
        "title": "特设胜利奖章",
        "icon": "16_2",
        "desc": "授予面对风暴毫不动摇的勇者"
    },
    {
        "id": 31,
        "title": "一级王冠奖章",
        "icon": "17_1",
        "desc": "颁发作为参与重要海上作战的纪念"
    },
    {
        "id": 32,
        "title": "特级金王冠奖章",
        "icon": "17_2",
        "desc": "嘉奖在战斗中击退敌人"
    },
    {
        "id": 33,
        "title": "银橡叶十字章",
        "icon": "18_1",
        "desc": "纪念这次艰苦卓绝的战役"
    },
    {
        "id": 34,
        "title": "金橡叶十字章",
        "icon": "18_2",
        "desc": "嘉奖击溃敌方超战舰"
    },
    {
        "id": 35,
        "title": "舰队服役证章",
        "icon": "19_1",
        "desc": "“百折不挠”"
    },
    {
        "id": 36,
        "title": "特级舰队服役证章",
        "icon": "19_2",
        "desc": "“身经百战”"
    },
    {
        "id": 37,
        "title": "武装力量奖章",
        "icon": "20_1",
        "desc": "“嘉奖舰队中出色的成员”"
    },
    {
        "id": 38,
        "title": "特级武装力量奖章",
        "icon": "20_2",
        "desc": "“嘉奖舰队中最勇敢的成员”"
    },
    {
        "id": 39,
        "title": "战斗银星奖章",
        "icon": "21_1",
        "desc": "嘉奖参与巡洋作战的舰队成员。"
    },
    {
        "id": 40,
        "title": "战役之星奖章",
        "icon": "21_2",
        "desc": "嘉奖参与了艰苦卓绝的远洋作战的舰队成员。"
    },
    {
        "id": 41,
        "title": "巡航战斗奖章",
        "icon": "22_1",
        "desc": "嘉奖在战斗中展现出的英勇行为。"
    },
    {
        "id": 42,
        "title": "金质远洋战斗奖章",
        "icon": "22_2",
        "desc": "嘉奖在战役中展现出的杰出英雄行为。"
    },
    {
        "id": 43,
        "title": "优异作战奖章",
        "icon": "23_1",
        "desc": "嘉奖参加战役的出色舰队成员。"
    },
    {
        "id": 44,
        "title": "特级巡洋奖章",
        "icon": "23_2",
        "desc": "嘉奖征战四方，征服海洋的舰队成员。"
    },
    {
        "id": 45,
        "title": "雄鹰奖章",
        "icon": "24_1",
        "desc": "授予勇敢作战的舰队成员。"
    },
    {
        "id": 46,
        "title": "特设金雕奖章",
        "icon": "24_2",
        "desc": "代表舰队武装力量最高级别的奖励。"
    },
    {
        "id": 47,
        "title": "阿尔戈奖章",
        "icon": "25_1",
        "desc": "纪念与奖励跨越重重阻碍，完成作战。"
    },
    {
        "id": 48,
        "title": "阿尔戈十字奖章",
        "icon": "25_2",
        "desc": "奖励如同传说中的英雄完成了作战的舰娘。"
    },
    {
        "id": 49,
        "title": "胜利之星奖章",
        "icon": "26_1",
        "desc": "奖励达成胜利的舰娘。"
    },
    {
        "id": 50,
        "title": "英雄星奖章",
        "icon": "26_2",
        "desc": "您的勇敢如同黎明的启明星。"
    },
    {
        "id": 51,
        "title": "曙光奖章",
        "icon": "27_1",
        "desc": "标有战役代号的纪念勋章。"
    },
    {
        "id": 52,
        "title": "金质曙光奖章",
        "icon": "27_2",
        "desc": "镌刻了参与战役的珍贵勋章。"
    },
    {
        "id": 53,
        "title": "海洋力量纪念章",
        "icon": "28_1",
        "desc": "奖励服役于舰队参与战斗的舰娘"
    },
    {
        "id": 54,
        "title": "远洋力量纪念章",
        "icon": "28_2",
        "desc": "授予参与关键节点战役的舰队成员"
    },
    {
        "id": 55,
        "title": "玫瑰战役纪念章",
        "icon": "29_1",
        "desc": "授予参与这场海战的舰队成员。"
    },
    {
        "id": 56,
        "title": "金玫瑰战斗纪念章",
        "icon": "29_2",
        "desc": "纪念参与这场宏大的海战。"
    },
    {
        "id": 57,
        "title": "火力奖章",
        "icon": "30_1",
        "desc": "授予在战役中出色战斗的舰队成员。"
    },
    {
        "id": 58,
        "title": "金质火力奖章",
        "icon": "30_2",
        "desc": "授予在关键战役卓越战斗的舰队成员。"
    },
    {
        "id": 59,
        "title": "火炬奖章",
        "icon": "31_1",
        "desc": "作为战役纪念颁发给舰队成员。"
    },
    {
        "id": 60,
        "title": "战役之星奖章",
        "icon": "31_2",
        "desc": "奖励每位参与卓绝战役的舰队成员。"
    },
    {
        "id": 61,
        "title": "勇狮十字奖章",
        "icon": "32_1",
        "desc": "授予出色完成任务的舰队成员。"
    },
    {
        "id": 62,
        "title": "金狮十字奖章",
        "icon": "32_2",
        "desc": "授予最为勇敢的舰队成员。"
    },
    {
        "id": 63,
        "title": "舰队特别作战奖章",
        "icon": "33_1",
        "desc": "授予战役中勇猛作战的舰队成员。"
    },
    {
        "id": 64,
        "title": "舰队优异战斗奖章",
        "icon": "33_2",
        "desc": "授予战役中力挽狂澜的舰队成员。"
    },
    {
        "id": 65,
        "title": "飞行十字奖章",
        "icon": "34_1",
        "desc": "嘉奖战斗表现出色的航空单位。"
    },
    {
        "id": 66,
        "title": "优异飞行十字奖章",
        "icon": "34_2",
        "desc": "嘉奖战斗中攻击出色的海军航空单位。"
    },
    {
        "id": 67,
        "title": "战役胜利奖章",
        "icon": "35_1",
        "desc": "“授予参与集团军作战的单位。”"
    },
    {
        "id": 68,
        "title": "战役突击金质奖章",
        "icon": "35_2",
        "desc": "“授予参与方面军大会战的单位。”"
    },
    {
        "id": 69,
        "title": "银鹰战役奖章",
        "icon": "36_1",
        "desc": "“授予在会战中立下战功的单位。”"
    },
    {
        "id": 70,
        "title": "金鹰战役奖章",
        "icon": "36_2",
        "desc": "“授予在方面军作战时改变战场态势单位。”"
    },
    {
        "id": 71,
        "title": "卓绝战斗嘉奖纪念章",
        "icon": "37_1",
        "desc": "“参与重大战役的褒奖”"
    },
    {
        "id": 72,
        "title": "特级金十字战役纪念章",
        "icon": "37_2",
        "desc": "“全程参与战役纪念的嘉奖”"
    },
    {
        "id": 73,
        "title": "战斗盾徽奖章",
        "icon": "38_1",
        "desc": "“授予出色完成战斗任务的单位”"
    },
    {
        "id": 74,
        "title": "勇气之盾奖章",
        "icon": "38_2",
        "desc": "“授予卓越作战，改变战局的单位”"
    },
    {
        "id": 75,
        "title": "战斗突破奖章",
        "icon": "39_1",
        "desc": "“授予于战役战斗的单位”"
    },
    {
        "id": 76,
        "title": "卓绝战役纪念奖章",
        "icon": "39_2",
        "desc": "“授予重要战役参与单位”"
    },
    {
        "id": 77,
        "title": "海洋力量奖章",
        "icon": "40_1",
        "desc": "“授予在战役做出重大贡献的单位”"
    },
    {
        "id": 78,
        "title": "金质海洋力量奖章",
        "icon": "40_2",
        "desc": "“授予在重大战役中出色战斗的单位”"
    },
    {
        "id": 79,
        "title": "橡叶勇敢奖章",
        "icon": "41_1",
        "desc": "“授予参与决定性战役的单位”"
    },
    {
        "id": 80,
        "title": "胜利之剑奖章",
        "icon": "42_1",
        "desc": "“嘉奖击破敌人的单位”"
    },
    {
        "id": 81,
        "title": "金橡叶奖章",
        "icon": "41_2",
        "desc": "“作为嘉奖授予参与决定性战役的单位”"
    },
    {
        "id": 82,
        "title": "金质胜利之剑奖章",
        "icon": "42_2",
        "desc": "“胜利的利剑划破黑暗”"
    },
    {
        "id": 83,
        "title": "卓越战役纪念奖章",
        "icon": "43_1",
        "desc": "嘉奖以卓越的勇气进行战斗。"
    },
    {
        "id": 84,
        "title": "战役银盾奖章",
        "icon": "44_1",
        "desc": "嘉奖在漫长战役中作战的单位。"
    },
    {
        "id": 85,
        "title": "特级佩剑战斗奖章",
        "icon": "43_2",
        "desc": "嘉奖在战斗中立下的特殊功绩。"
    },
    {
        "id": 86,
        "title": "战火圣盾奖章",
        "icon": "44_2",
        "desc": "嘉奖面对残酷作战坚毅的意志。"
    },
    {
        "id": 87,
        "title": "王冠战役盾章",
        "icon": "45_1",
        "desc": "嘉奖参与战役的每位成员。"
    },
    {
        "id": 88,
        "title": "战役击破纪念奖章",
        "icon": "46_1",
        "desc": "授予在战役中表现出惊人战斗力的成员。"
    },
    {
        "id": 89,
        "title": "金王冠战役盾章",
        "icon": "45_2",
        "desc": "嘉奖参与战役胜利的每位成员。"
    },
    {
        "id": 90,
        "title": "特级战役击破奖章",
        "icon": "46_2",
        "desc": "授予嘉奖在战斗中扭转乾坤的出色成员。"
    },
    {
        "id": 91,
        "title": "海军十字奖章",
        "icon": "47_1",
        "desc": "授予嘉奖参与战役胜利的舰队成员。"
    },
    {
        "id": 92,
        "title": "银质吨位战绩奖章",
        "icon": "48_1",
        "desc": "嘉奖出色击沉吨位的舰队成员。"
    },
    {
        "id": 93,
        "title": "金质十字海军奖章",
        "icon": "47_2",
        "desc": "授予奖章嘉奖每一位为胜利奋战的舰队成员。"
    },
    {
        "id": 94,
        "title": "金质吨位战绩奖章",
        "icon": "48_2",
        "desc": "嘉奖击沉吨位达到惊人水平的舰队成员。"
    },
    {
        "id": 95,
        "title": "勇气奖章",
        "icon": "49_1",
        "desc": "嘉奖授予证明了自己勇气的舰娘单位。"
    },
    {
        "id": 96,
        "title": "肃清作战奖章",
        "icon": "50_1",
        "desc": "嘉奖扫清了障碍的舰娘单位。"
    },
    {
        "id": 97,
        "title": "英豪奖章",
        "icon": "49_2",
        "desc": "嘉奖在大会中证明了自己勇敢的舰娘单位。"
    },
    {
        "id": 98,
        "title": "特级肃清奖章",
        "icon": "50_2",
        "desc": "嘉奖在肃清作战中勇敢战斗的舰娘单位。"
    }
]