[
    {
        "cid": 10000172,
        "title": "吐司面包",
        "icon": 1,
        "country": 99,
        "star": 2,
        "oil": 150,
        "ammo": 100,
        "steel": 100,
        "aluminium": 60,
        "desc": "F国人意外发明的、在欧美地区极为常见的早餐食品，配合果酱食用更佳。",
        "effect": {
            "type": 1,
            "a": 10,
            "c": 0,
            "d": 1
        },
        "animation": "cookbook_1",
        "rate": 40,
        "effectTime": 3600,
        "effectDesc": "^C454545FF00000000所有小型船战斗中获得的经验值增加^C1C8BE5FF0000000010%^C454545FF00000000，持续^C1C8BE5FF0000000060^C454545FF00000000分钟^C454545FF00000000",
        "effectDesc2": "^C454545FF00000000所有小型舰船^C454545FF00000000",
        "effectDesc3": "^C1C8BE5FF00000000获得经验值+10%^C454545FF00000000"
    },
    {
        "cid": 10000272,
        "title": "萨拉米披萨",
        "icon": 2,
        "country": 5,
        "star": 3,
        "oil": 200,
        "ammo": 200,
        "steel": 100,
        "aluminium": 30,
        "desc": "用特制的萨拉米肉肠做成的披萨，深受欧洲舰娘们喜爱。",
        "effect": {
            "type": 6,
            "a": 10,
            "c": 5,
            "e": "atk"
        },
        "animation": "cookbook_2",
        "rate": 40,
        "effectTime": 3000,
        "effectDesc": "^C454545FF00000000I国舰船火力增加^C1C8BE5FF0000000010^C454545FF00000000，持续^C1C8BE5FF0000000050^C454545FF00000000分钟^C454545FF00000000",
        "effectDesc2": "^C454545FF00000000所有I国舰船^C454545FF00000000",
        "effectDesc3": "^C1C8BE5FF00000000火力+10^C454545FF00000000"
    },
    {
        "cid": 10000372,
        "title": "红菜汤",
        "icon": 3,
        "country": 7,
        "star": 2,
        "oil": 150,
        "ammo": 150,
        "steel": 60,
        "aluminium": 20,
        "desc": "起源于东欧的菜式，最出名的是S国红菜汤，C国改良版叫“罗宋汤”。",
        "effect": {
            "type": 6,
            "a": 7,
            "c": 7,
            "e": "atk"
        },
        "animation": "cookbook_3",
        "rate": 40,
        "effectTime": 3600,
        "effectDesc": "^C454545FF00000000S国舰船火力增加^C1C8BE5FF000000007^C454545FF00000000，持续^C1C8BE5FF0000000060^C454545FF00000000分钟^C454545FF00000000",
        "effectDesc2": "^C454545FF00000000所有S国舰船^C454545FF00000000",
        "effectDesc3": "^C1C8BE5FF00000000火力+7^C454545FF00000000"
    },
    {
        "cid": 10000472,
        "title": "海军烘豆子",
        "icon": 4,
        "country": 99,
        "star": 1,
        "oil": 75,
        "ammo": 75,
        "steel": 50,
        "aluminium": 20,
        "desc": "由罐装豆子简单加工而成，平凡的美味。",
        "effect": {
            "type": 5,
            "a": 5,
            "c": 0,
            "d": 2,
            "e": "hit"
        },
        "animation": "cookbook_4",
        "rate": 40,
        "effectTime": 4500,
        "effectDesc": "^C454545FF00000000所有中型船命中增加^C1C8BE5FF000000005^C454545FF00000000，持续^C1C8BE5FF0000000075^C454545FF00000000分钟^C454545FF00000000",
        "effectDesc2": "^C454545FF00000000所有中型舰船^C454545FF00000000",
        "effectDesc3": "^C1C8BE5FF00000000命中+5^C454545FF00000000"
    },
    {
        "cid": 10000572,
        "title": "苹果派",
        "icon": 5,
        "country": 4,
        "star": 2,
        "oil": 100,
        "ammo": 200,
        "steel": 50,
        "aluminium": 30,
        "desc": "起源于欧洲东部，生活中常见的甜点，便宜、耐饿，是一种很方便的食品。",
        "effect": {
            "type": 2,
            "a": 5,
            "c": 4
        },
        "animation": "cookbook_5",
        "rate": 40,
        "effectTime": 3600,
        "effectDesc": "^C454545FF00000000U国舰船炮击战造成的伤害增加^C1C8BE5FF000000005%^C454545FF00000000，持续^C1C8BE5FF0000000060^C454545FF00000000分钟^C454545FF00000000",
        "effectDesc2": "^C454545FF00000000所有U国舰船^C454545FF00000000",
        "effectDesc3": "^C1C8BE5FF00000000炮击战伤害+5%^C454545FF00000000"
    },
    {
        "cid": 10000672,
        "title": "炸鱼薯条",
        "icon": 6,
        "country": 3,
        "star": 1,
        "oil": 50,
        "ammo": 150,
        "steel": 75,
        "aluminium": 50,
        "desc": "E国很受欢迎的街边小吃，2012年投票中获得E国人认为最能代表E国的东西。",
        "effect": {
            "type": 5,
            "a": 5,
            "c": 3,
            "d": 3,
            "e": "air_def"
        },
        "animation": "cookbook_6",
        "rate": 40,
        "effectTime": 4500,
        "effectDesc": "^C454545FF00000000E国大型船对空增加^C1C8BE5FF000000005^C454545FF00000000，持续^C1C8BE5FF0000000075^C454545FF00000000分钟^C454545FF00000000",
        "effectDesc2": "^C454545FF00000000所有E国大型舰船^C454545FF00000000",
        "effectDesc3": "^C1C8BE5FF00000000对空+5^C454545FF00000000"
    },
    {
        "cid": 10000772,
        "title": "图林根肠啤酒",
        "icon": 7,
        "country": 2,
        "star": 2,
        "oil": 75,
        "ammo": 50,
        "steel": 150,
        "aluminium": 60,
        "desc": "没有什么可以和图林根的红肠相媲美的了！没有什么比啤酒更适合香肠的了！",
        "effect": {
            "type": 6,
            "a": 7,
            "b": 4,
            "c": 2,
            "e": "def"
        },
        "animation": "cookbook_7",
        "rate": 40,
        "effectTime": 3600,
        "effectDesc": "^C454545FF00000000G国战列舰装甲增加^C1C8BE5FF000000007^C454545FF00000000点，持续^C1C8BE5FF0000000060^C454545FF00000000分钟^C454545FF00000000",
        "effectDesc2": "^C454545FF00000000所有G国战列舰^C454545FF00000000",
        "effectDesc3": "^C1C8BE5FF00000000装甲+7^C454545FF00000000"
    },
    {
        "cid": 10000872,
        "title": "白香肠面包圈",
        "icon": 8,
        "country": 2,
        "star": 3,
        "oil": 150,
        "ammo": 100,
        "steel": 75,
        "aluminium": 50,
        "desc": "G国特色美味，Z16倾力推荐。",
        "effect": {
            "type": 4,
            "a": 5,
            "c": 2
        },
        "animation": "cookbook_8",
        "rate": 40,
        "effectTime": 3000,
        "effectDesc": "^C454545FF00000000G国舰船鱼雷战造成的伤害增加^C1C8BE5FF000000005%^C454545FF00000000，持续^C1C8BE5FF0000000050^C454545FF00000000分钟^C454545FF00000000",
        "effectDesc2": "^C454545FF00000000所有G国舰船^C454545FF00000000",
        "effectDesc3": "^C1C8BE5FF00000000鱼雷战伤害+5%^C454545FF00000000"
    },
    {
        "cid": 10000972,
        "title": "海军咖喱",
        "icon": 9,
        "country": 1,
        "star": 2,
        "oil": 75,
        "ammo": 100,
        "steel": 100,
        "aluminium": 50,
        "desc": "J国海军特色，营养丰富，将营养学概念加到菜单内。",
        "effect": {
            "type": 3,
            "a": 5,
            "b": 12,
            "c": 1
        },
        "animation": "cookbook_9",
        "rate": 40,
        "effectTime": 3000,
        "effectDesc": "^C454545FF00000000J国驱逐舰夜战造成的伤害增加^C1C8BE5FF000000005%^C454545FF00000000，持续^C1C8BE5FF0000000050^C454545FF00000000分钟^C454545FF00000000",
        "effectDesc2": "^C454545FF00000000所有J国驱逐舰^C454545FF00000000",
        "effectDesc3": "^C1C8BE5FF00000000夜战伤害+5%^C454545FF00000000"
    },
    {
        "cid": 10001072,
        "title": "马赛鱼汤",
        "icon": 10,
        "country": 6,
        "star": 2,
        "oil": 100,
        "ammo": 100,
        "steel": 75,
        "aluminium": 75,
        "desc": "造访马赛的人，一定不能错过！",
        "effect": {
            "type": 6,
            "a": 7,
            "c": 6,
            "e": "miss"
        },
        "animation": "cookbook_10",
        "rate": 40,
        "effectTime": 4800,
        "effectDesc": "^C454545FF00000000F国舰船闪避增加^C1C8BE5FF000000007^C454545FF00000000，持续^C1C8BE5FF0000000080^C454545FF00000000分钟^C454545FF00000000",
        "effectDesc2": "^C454545FF00000000所有F国舰船^C454545FF00000000",
        "effectDesc3": "^C1C8BE5FF00000000闪避+ 7^C454545FF00000000"
    },
    {
        "cid": 10001172,
        "title": "麻婆豆腐",
        "icon": 11,
        "country": 8,
        "star": 2,
        "oil": 100,
        "ammo": 100,
        "steel": 75,
        "aluminium": 30,
        "desc": "著名川菜，麻、辣、烫、香、酥、嫩、鲜、活，缺一不可。",
        "effect": {
            "type": 6,
            "a": 7,
            "b": 10,
            "c": 0,
            "e": "atk"
        },
        "animation": "cookbook_11",
        "rate": 40,
        "effectTime": 4500,
        "effectDesc": "^C454545FF00000000轻型巡洋舰火力增加^C1C8BE5FF000000007^C454545FF00000000，持续^C1C8BE5FF0000000075^C454545FF00000000分钟^C454545FF00000000",
        "effectDesc2": "^C454545FF00000000所有轻型巡洋舰舰船^C454545FF00000000",
        "effectDesc3": "^C1C8BE5FF00000000火力+7^C454545FF00000000"
    },
    {
        "cid": 10001272,
        "title": "什锦叉烧炒饭",
        "icon": 12,
        "country": 8,
        "star": 3,
        "oil": 100,
        "ammo": 100,
        "steel": 100,
        "aluminium": 30,
        "desc": "精选多种名贵食材配以优质叉烧做成的炒饭，光是闻一闻就走不动路。",
        "effect": {
            "type": 6,
            "a": 5,
            "b": 4,
            "c": 0,
            "e": "hit"
        },
        "animation": "cookbook_effect_12",
        "rate": 40,
        "effectTime": 4500,
        "effectDesc": "^C454545FF00000000战列舰命中增加^C1C8BE5FF000000005^C454545FF00000000点，持续^C1C8BE5FF0000000075^C454545FF00000000分钟^C454545FF00000000",
        "effectDesc2": "^C454545FF00000000所有战列舰舰船^C454545FF00000000",
        "effectDesc3": "^C1C8BE5FF00000000命中+5^C454545FF00000000"
    },
    {
        "cid": 10001372,
        "title": "仰望星空派",
        "icon": 13,
        "country": 3,
        "star": 3,
        "oil": 125,
        "ammo": 75,
        "steel": 75,
        "aluminium": 50,
        "desc": "说到E国人心中的家乡味道怎么会少得了派？海洋的气息汇聚一盘，浓缩了千年的智慧。",
        "effect": {
            "type": 5,
            "a": 10,
            "c": 3,
            "d": 1,
            "e": "atk"
        },
        "animation": "cookbook_13",
        "rate": 40,
        "effectTime": 4500,
        "effectDesc": "^C454545FF00000000E国小型船火力增加^C1C8BE5FF0000000010^C454545FF00000000点，持续^C1C8BE5FF0000000075^C454545FF00000000分钟^C454545FF00000000",
        "effectDesc2": "^C454545FF00000000所有E国小型船^C454545FF00000000",
        "effectDesc3": "^C1C8BE5FF00000000火力+10^C454545FF00000000"
    },
    {
        "cid": 10001472,
        "title": "皇家海军咸牛肉",
        "icon": 14,
        "country": 3,
        "star": 3,
        "oil": 150,
        "ammo": 50,
        "steel": 75,
        "aluminium": 60,
        "desc": "大概生产自50年前，秉承了海军传统的咸牛肉，凭借其坚实的质量击破了好几个无辜的脑袋。",
        "effect": {
            "type": 6,
            "a": 10,
            "b": 6,
            "c": 3,
            "e": "def"
        },
        "animation": "cookbook_14",
        "rate": 40,
        "effectTime": 3600,
        "effectDesc": "^C454545FF00000000E国战列巡洋舰装甲增加^C1C8BE5FF0000000010^C454545FF00000000点，持续^C1C8BE5FF0000000060^C454545FF00000000分钟^C454545FF00000000",
        "effectDesc2": "^C454545FF00000000所有E国战列巡洋舰^C454545FF00000000",
        "effectDesc3": "^C1C8BE5FF00000000装甲+10^C454545FF00000000"
    },
    {
        "cid": 10001572,
        "title": "鱼雷果汁",
        "icon": 15,
        "country": 4,
        "star": 2,
        "oil": 75,
        "ammo": 50,
        "steel": 75,
        "aluminium": 30,
        "desc": "浓度高达90%的乙醇兑上鲜美的菠萝汁，是这个世界最美味的酒……不对，是饮料！",
        "effect": {
            "type": 5,
            "a": 7,
            "c": 4,
            "d": 2,
            "e": "atk"
        },
        "animation": "cookbook_15",
        "rate": 40,
        "effectTime": 3600,
        "effectDesc": "^C454545FF00000000U国中型船火力增加^C1C8BE5FF000000007^C454545FF00000000点，持续^C1C8BE5FF0000000060^C454545FF00000000分钟^C454545FF00000000",
        "effectDesc2": "^C454545FF00000000所有U国中型船^C454545FF00000000",
        "effectDesc3": "^C1C8BE5FF00000000火力+7^C454545FF00000000"
    },
    {
        "cid": 10001672,
        "title": "鲱鱼罐头",
        "icon": 16,
        "country": 99,
        "star": 2,
        "oil": 100,
        "ammo": 75,
        "steel": 50,
        "aluminium": 25,
        "desc": "谁敢在公共场合打开这个罐头，谁就是众姐妹的敌人了！",
        "effect": {
            "type": 5,
            "a": 7,
            "c": 0,
            "d": 1,
            "e": "atk"
        },
        "animation": "cookbook_16",
        "rate": 40,
        "effectTime": 3000,
        "effectDesc": "^C454545FF00000000所有小型船火力增加^C1C8BE5FF000000007^C454545FF00000000点，持续^C1C8BE5FF0000000050^C454545FF00000000分钟^C454545FF00000000",
        "effectDesc2": "^C454545FF00000000所有小型船^C454545FF00000000",
        "effectDesc3": "^C1C8BE5FF00000000火力+7^C454545FF00000000"
    },
    {
        "cid": 10001772,
        "title": "黑森林蛋糕",
        "icon": 17,
        "country": 2,
        "star": 2,
        "oil": 100,
        "ammo": 100,
        "steel": 50,
        "aluminium": 30,
        "desc": "风靡G国的甜品，奶油部分严格遵循了G国规定的至少含有80克樱桃汁的规定。",
        "effect": {
            "type": 5,
            "a": 7,
            "c": 2,
            "d": 2,
            "e": "atk"
        },
        "animation": "cookbook_17",
        "rate": 40,
        "effectTime": 3600,
        "effectDesc": "^C454545FF00000000G国中型船火力增加^C1C8BE5FF000000007^C454545FF00000000点，持续^C1C8BE5FF0000000060^C454545FF00000000分钟^C454545FF00000000",
        "effectDesc2": "^C454545FF00000000所有G国中型船^C454545FF00000000",
        "effectDesc3": "^C1C8BE5FF00000000火力+7^C454545FF00000000"
    },
    {
        "cid": 10001872,
        "title": "墨00尼的屁股",
        "icon": 18,
        "country": 5,
        "star": 3,
        "oil": 100,
        "ammo": 75,
        "steel": 100,
        "aluminium": 50,
        "desc": "如果说美食的国度I国有什么难以启齿的佳肴，那便是这个了。当你尝过它的味道，便知道它为什么要叫这个名字了。",
        "effect": {
            "type": 5,
            "a": 10,
            "c": 5,
            "d": 3,
            "e": "def"
        },
        "animation": "cookbook_18",
        "rate": 40,
        "effectTime": 4200,
        "effectDesc": "^C454545FF00000000I国大型船装甲增加^C1C8BE5FF0000000010^C454545FF00000000点，持续^C1C8BE5FF0000000070^C454545FF00000000分钟^C454545FF00000000",
        "effectDesc2": "^C454545FF00000000所有I国大型船^C454545FF00000000",
        "effectDesc3": "^C1C8BE5FF00000000装甲+10^C454545FF00000000"
    },
    {
        "cid": 10001972,
        "title": "羊羹",
        "icon": 19,
        "country": 1,
        "star": 2,
        "oil": 100,
        "ammo": 100,
        "steel": 100,
        "aluminium": 100,
        "desc": "这个点心里没有羊肉。是深受J国人喜爱的豆制果冻型食品，是J国茶道中一种著名的茶点。",
        "effect": {
            "type": 5,
            "a": 7,
            "c": 1,
            "e": "air_def"
        },
        "animation": "cookbook_19",
        "rate": 40,
        "effectTime": 3600,
        "effectDesc": "^C454545FF00000000J国舰船对空增加^C1C8BE5FF000000007^C454545FF00000000点，持续^C1C8BE5FF0000000060^C454545FF00000000分钟^C454545FF00000000",
        "effectDesc2": "^C454545FF00000000所有J国舰船^C454545FF00000000",
        "effectDesc3": "^C1C8BE5FF00000000对空+7^C454545FF00000000"
    },
    {
        "cid": 10002072,
        "title": "炸虾天妇罗",
        "icon": 20,
        "country": 1,
        "star": 3,
        "oil": 100,
        "ammo": 150,
        "steel": 130,
        "aluminium": 80,
        "desc": "J国传统美食，外皮酥脆，肉质松软，更重要的是——炸出来的虾必须是直的，不能弯曲。",
        "effect": {
            "type": 5,
            "a": 10,
            "c": 1,
            "d": 2,
            "e": "atk"
        },
        "animation": "cookbook_20",
        "rate": 40,
        "effectTime": 4800,
        "effectDesc": "^C454545FF00000000J国中型船火力增加^C1C8BE5FF0000000010^C454545FF00000000点，持续^C1C8BE5FF0000000080^C454545FF00000000分钟^C454545FF00000000",
        "effectDesc2": "^C454545FF00000000所有J国中型船^C454545FF00000000",
        "effectDesc3": "^C1C8BE5FF00000000火力+10^C454545FF00000000"
    },
    {
        "cid": 10002172,
        "title": "马卡龙",
        "icon": 21,
        "country": 6,
        "star": 2,
        "oil": 100,
        "ammo": 150,
        "steel": 100,
        "aluminium": 150,
        "desc": "F国甜点，经过几次对原料的改进后才成了现在的模样，因为其色彩鲜艳，外形可爱，深得年轻人的喜爱。",
        "effect": {
            "type": 5,
            "a": 10,
            "c": 6,
            "e": "def"
        },
        "animation": "cookbook_21",
        "rate": 40,
        "effectTime": 4200,
        "effectDesc": "^C454545FF00000000F国舰船装甲增加^C1C8BE5FF0000000010^C454545FF00000000点，持续^C1C8BE5FF0000000070^C454545FF00000000分钟^C454545FF00000000",
        "effectDesc2": "^C454545FF00000000所有F国舰船^C454545FF00000000",
        "effectDesc3": "^C1C8BE5FF00000000装甲+10^C454545FF00000000"
    },
    {
        "cid": 10002272,
        "title": "黑列巴",
        "icon": 22,
        "country": 7,
        "star": 1,
        "oil": 100,
        "ammo": 50,
        "steel": 100,
        "aluminium": 50,
        "desc": "以面粉、燕麦、荞麦为原料烤制而成的黑面包，S国最常见的主食，放了两天后的硬度甚至可以当武器，保质期极长。",
        "effect": {
            "type": 5,
            "a": 7,
            "c": 7,
            "e": "hit"
        },
        "animation": "cookbook_22",
        "rate": 40,
        "effectTime": 3600,
        "effectDesc": "^C454545FF00000000S国舰船命中增加^C1C8BE5FF000000007^C454545FF00000000点，持续^C1C8BE5FF0000000060^C454545FF00000000分钟^C454545FF00000000",
        "effectDesc2": "^C454545FF00000000所有S国舰船^C454545FF00000000",
        "effectDesc3": "^C1C8BE5FF00000000命中+7^C454545FF00000000"
    },
    {
        "cid": 10002372,
        "title": "辣条",
        "icon": 23,
        "country": 99,
        "star": 1,
        "oil": 50,
        "ammo": 50,
        "steel": 50,
        "aluminium": 50,
        "desc": "用小麦粉和辣椒做出的零食，成本低廉，味道辛辣，小孩子非常喜爱，但不宜多食。",
        "effect": {
            "type": 5,
            "a": 3,
            "b": 12,
            "c": 0,
            "e": "speed"
        },
        "animation": "cookbook_23",
        "rate": 40,
        "effectTime": 900,
        "effectDesc": "^C454545FF00000000驱逐舰航速增加^C1C8BE5FF000000003^C454545FF00000000点，持续^C1C8BE5FF0000000015^C454545FF00000000分钟^C454545FF00000000",
        "effectDesc2": "^C454545FF00000000所有驱逐舰^C454545FF00000000",
        "effectDesc3": "^C1C8BE5FF00000000航速+3^C454545FF00000000"
    },
    {
        "cid": 10002472,
        "title": "金镶玉包子",
        "icon": 24,
        "country": 8,
        "star": 3,
        "oil": 100,
        "ammo": 100,
        "steel": 100,
        "aluminium": 30,
        "desc": "采用上好的肉类和蟹黄制作而成的包子，深受大家的喜爱。",
        "effect": {
            "type": 6,
            "a": 5,
            "b": 1,
            "c": 0,
            "e": "hit"
        },
        "animation": "cookbook_effect_24",
        "rate": 40,
        "effectTime": 4500,
        "effectDesc": "^C454545FF00000000航空母舰命中增加^C1C8BE5FF000000005^C454545FF00000000点，持续^C1C8BE5FF0000000075^C454545FF00000000分钟^C454545FF00000000",
        "effectDesc2": "^C454545FF00000000所有航空母舰舰船^C454545FF00000000",
        "effectDesc3": "^C1C8BE5FF00000000命中+5^C454545FF00000000"
    },
    {
        "cid": 10002572,
        "title": "甜豆花",
        "icon": 25,
        "country": 8,
        "star": 3,
        "oil": 100,
        "ammo": 100,
        "steel": 100,
        "aluminium": 30,
        "desc": "据说甜豆花可以增强魔法的施法效果，是一种举世无双，完美无瑕食品……",
        "effect": {
            "type": 2,
            "a": 10,
            "c": 8
        },
        "animation": "cookbook_25",
        "rate": 40,
        "effectTime": 3600,
        "effectDesc": "^C454545FF00000000C国舰船炮击战造成的伤害增加^C1C8BE5FF0000000010%^C454545FF00000000，持续^C1C8BE5FF0000000060^C454545FF00000000分钟^C454545FF00000000",
        "effectDesc2": "^C454545FF00000000所有C国舰船^C454545FF00000000",
        "effectDesc3": "^C1C8BE5FF00000000炮击战伤害+10%^C454545FF00000000"
    },
    {
        "cid": 10002672,
        "title": "咸豆花",
        "icon": 26,
        "country": 8,
        "star": 3,
        "oil": 100,
        "ammo": 100,
        "steel": 100,
        "aluminium": 30,
        "desc": "向多炮塔起誓，再也没有比这更举世无双，完美无瑕的美食了……",
        "effect": {
            "type": 4,
            "a": 10,
            "c": 8
        },
        "animation": "cookbook_26",
        "rate": 40,
        "effectTime": 3600,
        "effectDesc": "^C454545FF00000000C国舰船鱼雷战造成的伤害增加^C1C8BE5FF0000000010%^C454545FF00000000，持续^C1C8BE5FF0000000050^C454545FF00000000分钟^C454545FF00000000",
        "effectDesc2": "^C454545FF00000000所有C国舰船^C454545FF00000000",
        "effectDesc3": "^C1C8BE5FF00000000鱼雷战伤害+10%^C454545FF00000000"
    },
    {
        "cid": 10002772,
        "title": "美式汉堡",
        "icon": 27,
        "country": 4,
        "star": 3,
        "oil": 100,
        "ammo": 150,
        "steel": 100,
        "aluminium": 50,
        "desc": "原汁原味的美式牛肉汉堡，可以根据自己的喜好加多少汉堡肉，风靡整个港区的快捷美食。",
        "effect": {
            "type": 6,
            "a": 5,
            "b": 4,
            "c": 4,
            "e": "atk"
        },
        "animation": "cookbook_27",
        "rate": 40,
        "effectTime": 3600,
        "effectDesc": "^C454545FF00000000U国战列舰火力增加^C1C8BE5FF000000005^C454545FF00000000点，持续^C1C8BE5FF0000000060^C454545FF00000000分钟^C454545FF00000000",
        "effectDesc2": "^C454545FF00000000所有U国战列舰^C454545FF00000000",
        "effectDesc3": "^C1C8BE5FF00000000火力+5^C454545FF00000000"
    },
    {
        "cid": 10002872,
        "title": "红茶三明治",
        "icon": 28,
        "country": 3,
        "star": 3,
        "oil": 100,
        "ammo": 150,
        "steel": 100,
        "aluminium": 50,
        "desc": "不论情况多么颠簸，都要优雅地享受红茶，尤其红茶不能洒。",
        "effect": {
            "type": 6,
            "a": 5,
            "c": 3,
            "e": "atk"
        },
        "animation": "cookbook_28",
        "rate": 40,
        "effectTime": 3600,
        "effectDesc": "^C454545FF00000000E国舰船火力增加^C1C8BE5FF000000005^C454545FF00000000点，持续^C1C8BE5FF0000000060^C454545FF00000000分钟^C454545FF00000000",
        "effectDesc2": "^C454545FF00000000所有E国舰船^C454545FF00000000",
        "effectDesc3": "^C1C8BE5FF00000000火力+5^C454545FF00000000"
    },
    {
        "cid": 10002972,
        "title": "烤猪肘",
        "icon": 29,
        "country": 2,
        "star": 3,
        "oil": 100,
        "ammo": 150,
        "steel": 100,
        "aluminium": 50,
        "desc": "烤猪肘是该地区非常风靡的菜肴，皮要烤的脆，浇上酱汁再配上土豆泥。",
        "effect": {
            "type": 6,
            "a": 5,
            "c": 2,
            "e": "atk"
        },
        "animation": "cookbook_29",
        "rate": 40,
        "effectTime": 3600,
        "effectDesc": "^C454545FF00000000G国舰船火力增加^C1C8BE5FF000000005^C454545FF00000000点，持续^C1C8BE5FF0000000060^C454545FF00000000分钟^C454545FF00000000",
        "effectDesc2": "^C454545FF00000000所有G国舰船^C454545FF00000000",
        "effectDesc3": "^C1C8BE5FF00000000火力+5^C454545FF00000000"
    },
    {
        "cid": 10003072,
        "title": "龙田烧",
        "icon": 30,
        "country": 1,
        "star": 3,
        "oil": 100,
        "ammo": 150,
        "steel": 100,
        "aluminium": 50,
        "desc": "龙田在远征的时候发明的一种油炸食品，因为表面裹了土豆粉而微微泛红。",
        "effect": {
            "type": 6,
            "a": 5,
            "c": 1,
            "d": 1,
            "e": "torpedo"
        },
        "animation": "cookbook_30",
        "rate": 40,
        "effectTime": 3600,
        "effectDesc": "^C454545FF00000000J国小型船鱼雷增加^C1C8BE5FF000000005^C454545FF00000000点，持续^C1C8BE5FF0000000060^C454545FF00000000分钟^C454545FF00000000",
        "effectDesc2": "^C454545FF00000000所有J国小型船^C454545FF00000000",
        "effectDesc3": "^C1C8BE5FF00000000鱼雷+5^C454545FF00000000"
    },
    {
        "cid": 10003172,
        "title": "汤圆",
        "icon": 31,
        "country": 8,
        "star": 3,
        "oil": 100,
        "ammo": 100,
        "steel": 100,
        "aluminium": 30,
        "desc": "有着美好寓意的美食。港区的C国舰娘们每逢特别节日，都会聚在一起享用汤圆。",
        "effect": {
            "type": 6,
            "a": 8,
            "c": 8,
            "e": "miss"
        },
        "animation": "cookbook_31",
        "rate": 40,
        "effectTime": 3600,
        "effectDesc": "^C454545FF00000000C国舰船闪避增加^C1C8BE5FF000000008^C454545FF00000000点，持续^C1C8BE5FF0000000060^C454545FF00000000分钟^C454545FF00000000",
        "effectDesc2": "^C454545FF00000000所有C国舰船^C454545FF00000000",
        "effectDesc3": "^C1C8BE5FF00000000闪避+8^C454545FF00000000"
    },
    {
        "cid": 10003272,
        "title": "番茄肉酱千层面",
        "icon": 32,
        "country": 5,
        "star": 3,
        "oil": 100,
        "ammo": 75,
        "steel": 100,
        "aluminium": 50,
        "desc": "“千层面不是一道菜，那是一种生活方式，一种存在的状态，它是人类最完美的成就，这是众神的食物！这是我的午餐。”",
        "effect": {
            "type": 6,
            "a": 2,
            "c": 5,
            "d": 3,
            "e": "speed"
        },
        "animation": "cookbook_32",
        "rate": 40,
        "effectTime": 3600,
        "effectDesc": "^C454545FF00000000I国大型船航速增加^C1C8BE5FF000000002^C454545FF00000000点，持续^C1C8BE5FF0000000060^C454545FF00000000分钟^C454545FF00000000",
        "effectDesc2": "^C454545FF00000000所有I国大型船^C454545FF00000000",
        "effectDesc3": "^C1C8BE5FF00000000航速+2^C454545FF00000000"
    },
    {
        "cid": 10003372,
        "title": "格瓦斯",
        "icon": 33,
        "country": 7,
        "star": 2,
        "oil": 100,
        "ammo": 50,
        "steel": 100,
        "aluminium": 50,
        "desc": "这种面包发酵制成的饮料有着麦香和独特的口味，深受港区一些舰娘的喜爱（多半是因为格瓦斯含有酒精）。",
        "effect": {
            "type": 1,
            "a": 10,
            "c": 7,
            "d": 0
        },
        "animation": "cookbook_33",
        "rate": 40,
        "effectTime": 3600,
        "effectDesc": "^C454545FF00000000S国舰船战斗中获得的经验值增加^C1C8BE5FF0000000010%^C454545FF00000000，持续^C1C8BE5FF0000000060^C454545FF00000000分钟^C454545FF00000000",
        "effectDesc2": "^C454545FF00000000所有S国舰船^C454545FF00000000",
        "effectDesc3": "^C1C8BE5FF00000000获得经验值+10%^C454545FF00000000"
    },
    {
        "cid": 10003472,
        "title": "班尼迪克蛋",
        "icon": 34,
        "country": 4,
        "star": 3,
        "oil": 150,
        "ammo": 50,
        "steel": 100,
        "aluminium": 60,
        "desc": "大受欢迎的热门美食，舰队成员们甚至专门有点这道菜的灯光信号。",
        "effect": {
            "type": 6,
            "a": 7,
            "b": 1,
            "c": 4,
            "e": "def"
        },
        "animation": "cookbook_34",
        "rate": 40,
        "effectTime": 3600,
        "effectDesc": "^C454545FF00000000U国航空母舰装甲增加^C1C8BE5FF000000007^C454545FF00000000点，持续^C1C8BE5FF0000000060^C454545FF00000000分钟^C454545FF00000000",
        "effectDesc2": "^C454545FF00000000所有U国航空母舰^C454545FF00000000",
        "effectDesc3": "^C1C8BE5FF00000000装甲+7^C454545FF00000000"
    },
    {
        "cid": 10003772,
        "title": "黑麦面包扁豆汤",
        "icon": 37,
        "country": 2,
        "star": 3,
        "oil": 150,
        "ammo": 125,
        "steel": 125,
        "aluminium": 50,
        "desc": "非常地道的民间风味，加了各种辅料的扁豆汤就黑麦面包，那叫一个美。",
        "effect": {
            "type": 5,
            "a": 5,
            "c": 2,
            "e": "miss"
        },
        "animation": "cookbook_37",
        "rate": 40,
        "effectTime": 3000,
        "effectDesc": "^C454545FF00000000G国所有舰船回避增加^C1C8BE5FF000000005^C454545FF00000000点，持续^C1C8BE5FF0000000050^C454545FF00000000分钟^C454545FF00000000",
        "effectDesc2": "^C454545FF00000000所有G国舰船^C454545FF00000000",
        "effectDesc3": "^C1C8BE5FF00000000回避+5^C454545FF00000000"
    },
    {
        "cid": 10003872,
        "title": "红茶司康饼",
        "icon": 38,
        "country": 3,
        "star": 3,
        "oil": 100,
        "ammo": 100,
        "steel": 150,
        "aluminium": 60,
        "desc": "阳光，花园，最重要的下午茶。",
        "effect": {
            "type": 5,
            "a": 7,
            "c": 3,
            "d": 3,
            "e": "def"
        },
        "animation": "cookbook_38",
        "rate": 40,
        "effectTime": 3600,
        "effectDesc": "^C454545FF00000000E国大型船装甲增加^C1C8BE5FF000000007^C454545FF00000000，持续^C1C8BE5FF0000000060^C454545FF00000000分钟^C454545FF00000000",
        "effectDesc2": "^C454545FF00000000所有E国大型舰船^C454545FF00000000",
        "effectDesc3": "^C1C8BE5FF00000000装甲+7^C454545FF00000000"
    },
    {
        "cid": 10003972,
        "title": "烤鱼味噌汤",
        "icon": 39,
        "country": 1,
        "star": 3,
        "oil": 100,
        "ammo": 150,
        "steel": 130,
        "aluminium": 80,
        "desc": "越大的战舰料理越丰富，在超战舰和空母上，即使是早餐也如此豪华。",
        "effect": {
            "type": 5,
            "a": 5,
            "c": 1,
            "d": 3,
            "e": "atk"
        },
        "animation": "cookbook_39",
        "rate": 40,
        "effectTime": 3600,
        "effectDesc": "^C454545FF00000000J国大型船火力增加^C1C8BE5FF000000005^C454545FF00000000点，持续^C1C8BE5FF0000000060^C454545FF00000000分钟^C454545FF00000000",
        "effectDesc2": "^C454545FF00000000所有J国大型船^C454545FF00000000",
        "effectDesc3": "^C1C8BE5FF00000000火力+5^C454545FF00000000"
    },
    {
        "cid": 10004072,
        "title": "热狗",
        "icon": 40,
        "country": 4,
        "star": 2,
        "oil": 75,
        "ammo": 125,
        "steel": 100,
        "aluminium": 50,
        "desc": "经典快餐，适合快节奏的激烈战斗。",
        "effect": {
            "type": 5,
            "a": 7,
            "b": 10,
            "c": 4,
            "e": "atk"
        },
        "animation": "cookbook_40",
        "rate": 40,
        "effectTime": 3600,
        "effectDesc": "^C454545FF00000000U国轻型巡洋舰火力增加^C1C8BE5FF000000007^C454545FF00000000，持续^C1C8BE5FF0000000060^C454545FF00000000分钟^C454545FF00000000",
        "effectDesc2": "^C454545FF00000000所有U国轻型巡洋舰^C454545FF00000000",
        "effectDesc3": "^C1C8BE5FF00000000火力+7^C454545FF00000000"
    },
    {
        "cid": 10004172,
        "title": "塔坦苹果挞",
        "icon": 41,
        "country": 6,
        "star": 3,
        "oil": 150,
        "ammo": 150,
        "steel": 75,
        "aluminium": 50,
        "desc": "一对姐妹发明的经典甜品，是狩猎季节特别甜品。",
        "effect": {
            "type": 5,
            "a": 7,
            "b": 4,
            "c": 6,
            "e": "atk"
        },
        "animation": "cookbook_41",
        "rate": 40,
        "effectTime": 3600,
        "effectDesc": "^C454545FF00000000F国战列舰火力增加^C1C8BE5FF000000007^C454545FF00000000，持续^C1C8BE5FF0000000060^C454545FF00000000分钟^C454545FF00000000",
        "effectDesc2": "^C454545FF00000000所有F国战列舰^C454545FF00000000",
        "effectDesc3": "^C1C8BE5FF00000000火力+7^C454545FF00000000"
    },
    {
        "cid": 10004272,
        "title": "天妇罗荞麦面",
        "icon": 42,
        "country": 1,
        "star": 3,
        "oil": 100,
        "ammo": 100,
        "steel": 100,
        "aluminium": 30,
        "desc": "是炸虾天妇罗，不是鱼雷天妇罗，请放心食用。",
        "effect": {
            "type": 4,
            "a": 10,
            "c": 1,
            "d": 2
        },
        "animation": "cookbook_42",
        "rate": 40,
        "effectTime": 3600,
        "effectDesc": "^C454545FF00000000J国中型船鱼雷战造成的伤害增加^C1C8BE5FF0000000010%^C454545FF00000000，持续^C1C8BE5FF0000000060^C454545FF00000000分钟^C454545FF00000000",
        "effectDesc2": "^C454545FF00000000所有J国中型船^C454545FF00000000",
        "effectDesc3": "^C1C8BE5FF00000000鱼雷战伤害+10%^C454545FF00000000"
    },
    {
        "cid": 10004472,
        "title": "约克郡布丁 ",
        "icon": 44,
        "country": 3,
        "star": 3,
        "oil": 100,
        "ammo": 100,
        "steel": 100,
        "aluminium": 100,
        "desc": "和烤牛肉一起搭配风味独特，是皇家海军大受欢迎的料理之一。  ",
        "effect": {
            "type": 5,
            "a": 5,
            "c": 3,
            "d": 2,
            "e": "miss"
        },
        "animation": "cookbook_44",
        "rate": 40,
        "effectTime": 3600,
        "effectDesc": "^C454545FF00000000E国中型船回避增加^C1C8BE5FF000000005^C454545FF00000000点，持续^C1C8BE5FF0000000060^C454545FF00000000分钟^C454545FF00000000",
        "effectDesc2": "^C454545FF00000000所有E国中型船^C454545FF00000000",
        "effectDesc3": "^C1C8BE5FF00000000回避+5^C454545FF00000000"
    },
    {
        "cid": 10004572,
        "title": "烧烤",
        "icon": 45,
        "country": 4,
        "star": 3,
        "oil": 100,
        "ammo": 150,
        "steel": 100,
        "aluminium": 50,
        "desc": "“最豪迈的烹饪方式，也是最能体现战舰宽阔甲板的烹饪方式”",
        "effect": {
            "type": 5,
            "a": 5,
            "c": 4,
            "d": 3,
            "e": "def"
        },
        "animation": "cookbook_45",
        "rate": 40,
        "effectTime": 3600,
        "effectDesc": "^C454545FF00000000U国大型船装甲增加^C1C8BE5FF000000005^C454545FF00000000点，持续^C1C8BE5FF0000000060^C454545FF00000000分钟^C454545FF00000000",
        "effectDesc2": "^C454545FF00000000所有U国大型船^C454545FF00000000",
        "effectDesc3": "^C1C8BE5FF00000000装甲+5^C454545FF00000000"
    },
    {
        "cid": 10004672,
        "title": "东坡肉",
        "icon": 46,
        "country": 8,
        "star": 3,
        "oil": 150,
        "ammo": 100,
        "steel": 100,
        "aluminium": 30,
        "desc": "需要耐心的美食，要掌握好火候。",
        "effect": {
            "type": 6,
            "a": 11,
            "c": 8,
            "e": "atk"
        },
        "animation": "cookbook_46",
        "rate": 40,
        "effectTime": 3600,
        "effectDesc": "^C454545FF00000000C国舰船火力增加^C1C8BE5FF0000000011^C454545FF00000000点，持续^C1C8BE5FF0000000060^C454545FF00000000分钟^C454545FF00000000",
        "effectDesc2": "^C454545FF00000000所有C国舰船^C454545FF00000000",
        "effectDesc3": "^C1C8BE5FF00000000火力+11^C454545FF00000000"
    },
    {
        "cid": 10004772,
        "title": "俄式饺子",
        "icon": 47,
        "country": 7,
        "star": 2,
        "oil": 100,
        "ammo": 50,
        "steel": 100,
        "aluminium": 50,
        "desc": "包上喜欢的土豆馅料，再沾酸奶油，新年宴席自然也要有饺子。",
        "effect": {
            "type": 2,
            "a": 10,
            "c": 7
        },
        "animation": "cookbook_47",
        "rate": 40,
        "effectTime": 3600,
        "effectDesc": "^C454545FF00000000S国舰船炮击战造成的伤害增加^C1C8BE5FF0000000010%^C454545FF00000000，持续^C1C8BE5FF0000000060^C454545FF00000000分钟^C454545FF00000000",
        "effectDesc2": "^C454545FF00000000所有S国舰船^C454545FF00000000",
        "effectDesc3": "^C1C8BE5FF00000000炮击战伤害+10%^C454545FF00000000"
    },
    {
        "cid": 10004872,
        "title": "俄式肉冻",
        "icon": 48,
        "country": 7,
        "star": 2,
        "oil": 100,
        "ammo": 50,
        "steel": 100,
        "aluminium": 50,
        "desc": "宴席上重要的菜式之一，举杯吧，亲爱的同志！",
        "effect": {
            "type": 5,
            "a": 10,
            "c": 7,
            "e": "def"
        },
        "animation": "cookbook_48",
        "rate": 40,
        "effectTime": 3600,
        "effectDesc": "^C454545FF00000000S国舰船装甲增加^C1C8BE5FF0000000010^C454545FF00000000点，持续^C1C8BE5FF0000000060^C454545FF00000000分钟^C454545FF00000000",
        "effectDesc2": "^C454545FF00000000所有S国舰船^C454545FF00000000",
        "effectDesc3": "^C1C8BE5FF00000000装甲+10^C454545FF00000000"
    }
]