[
    {
        "cid": 10000173,
        "title": "艾拉",
        "icon": 1,
        "tactics": [
            100001740,
            100002740,
            100003740,
            100004740,
            100005740,
            100006740,
            100007740,
            100008740
        ],
        "getDesc": "0"
    },
    {
        "cid": 10000273,
        "title": "胜利号",
        "icon": 2,
        "tactics": [
            100009740,
            100010740,
            100011740,
            100012740,
            100013740,
            100014740,
            100015740,
            100016740,
            100017740
        ],
        "getDesc": "胜利号报道！"
    },
    {
        "cid": 10000373,
        "title": "阿芙乐尔",
        "icon": 3,
        "tactics": [
            100018740,
            100019740,
            100020740,
            100021740,
            100022740,
            100023740,
            100024740,
            100025740,
            100026740
        ],
        "getDesc": "该开始新的课程了，同志。我——阿芙乐尔，会将必需的知识全部传授给您，做好心理准备吧。"
    }
]